Killer name,Sex,Race,Number of victims,Date of birth,Birth order,Physically attractive?,Physical defect?,Speech defect?,Physically abused? ,Psychologically abused?,Sexually abused?Animal torture,Fire setting,Bed wetting,Abused drugs?,Abused alcohol?,Been to a psychologist (prior to killing)?,Time in forensic hospital (prior to killing)?,Diagnosis,Rape?,Tortured victims?,Overkill?,Quick & efficient?,Used blindfold?,Bound the victims?,Sex with the body?,Mutilated body?,Ate part of the body?,Drank victim’s blood?,Posed the body?,Took totem – body part,Took totem – personal item,Robbed victim or location,"Left at scene, no attempt to hide","Left at scene, hidden","Left at scene, buried","Moved, no attempt to hide","Moved, buried",Cut-op and disposed of,"Moved, too home"
Richard_Chase,but was impotent,,6,May 23,1st of 2,0,Impotence,0,,Yes- constant bickering,,1,Yes- consistently until age 8,Yes- Marijuana,1,,,Paranoid schizophrenia,Yes - sodomized Evelyn Miroth after killing,1,1,0,0,0,Yes-  raped and sodomized Evelyn Miroth,1,1,1,0,Yes- baby David,Yes- Meredith’s keys and wallet,1,1,0,Yes- several animals,Yes- within victim’s location (house,1,1,Yes- took baby David back to apartment
Rodney_Alcala,Male,White,8,8-23-1943,Third child,1,0,0,,0,,0,0,1,,1,1,Antisocial personality disorder,1,1,1,0,1,1,0,1,0,0,1,0,1,0,1,0,0,0,0,0,
Genene_Jones,Female,White,11-46,July 13,Adopted,Not as a child,Overweight as a child,0,,(not found),,0,0,(not found),(not found),,,Munchausen Syndrome by Proxy,0,0,0,1,0,0,0,0,0,0,0,0,0,0,1,0,0,0,0,0,
Copeland_David_-_spring_2006,Male,White,4 killed,5/15/1976,First,Very small for his age,none,none,,no,,no,no,Yes,Yes,,,Paranoid Schizophrenia and Personality Disorder,no,no,no,no,no,no,no,no,no,no,no,no,no,no,Yes,No,No,No,No,No,No
Frank_Hickey,Male,White,3,October 29,3 of 3,somewhat,0,0,,0,,,,,1,,,,1,0,0,1,0,0,0,0,0,0,0,0,0,0,Second killing he strangled the boy in an outhouse anddisposed of the body in a latrine,Second killing hid the boy in a latrine,0,No attempt to hide 2 of the victims,0,0,0
Theresa_Knorr,Female,White,3,March 14,Youngest,Attractive as a young woman,0,0,,0,,0,0,1,1,,,,0,1,1,0,0,1,0,0,0,0,0,0,0,0,0,0,0,1,0,0,0
Starrett_Danny__spring_2007_,Male,White,1 killed,September 25,Either 2nd or 3rd,Fairly,None documented,Yes,,Not by anyone other than himself. Danny was very hard onhimself as a child.,,None documented,None documented,None documented,Yes,,,Possible Atypical Paraphilia and possible MultiplePersonality Disorder,Yes,Chained two victims at the ankle and placed them in hiscloset on separate occasions,No,Yes,Put tape over one victims (Jeannie) sunglasses so she was notable to see where she was being held,Yes,Oral and vaginal smears during autopsy showed positive forsemen (not clear if pre or post kill),No,No,No,No,No,No,No,No,No,No,Danny wrapped Jean McCrea’s body in a green blanket andtrash bags before dumping her into a creek bed near her homeof Irmo,No,No,
Conde_Rory__spring_2006_,Male,White,6,June 14,2nd of 2,Normal appearance,No,,,Supposed psychological abuse,,,,,,,,“Extreme mental or emotional disturbances”,Yes,Yes,No,Yes,,Yes,Yes,No,No,No,Message written on third victim stating “Third. I will callDwight Chan. 10. See if you can catch me”,No,Yes,No,No,No,No,Yes,No,No,No
George_Russell,Male,African American,3,April 1958,1st of 3,1,0,0,,1,,0,0,1,1,,,Antisocial Personality Disorder,1,1,1,0,0,0,1,1,0,0,1,0,Yes (ring),1,1,0,0,1,0,0,0
Pomeroy_Jesse__fall_2006_,Male,White,2 killed,November 29,Second born,No,Large body,No,,Yes,,No,No,No,No,,,,No,Yes,Yes,Yes,No,Yes,No,Yes,No,No,No,No,No,No,Yes,Yes,Yes,No,No,No,No
Engleman_Glennon__fall_2007_,,,Suspected of 7,February 26,,Stockly built and attractive in spite of his round face,No,,,,,,,,,,,,No,No,Yes,Yes,No,No,No,No,No,No,No,No,No,Possibly,Mostly,Pushed Eric Frey down a well.,No,No,No,No,No
William_Bonin,Male,White,As many as 30,January 8,1st of 2,0,,,,Neglected by parents,,Unknown,Unknown,Unknown,Unknown,,,Manic depressive disorder,1,1,1,No because he raped,Possibly,1,0,1,0,0,0,0,0,1,0,0,0,1,0,0,0
Jon_Dunkle,Male,White,4 and 2 attempts,October 11,Unknown,0,0,0,,1,,,Unknown,Marijuana and LSD,1,,,Acute paranoia disorder,0,Held first victim down and told him what he was going to doand third victim a board was placed over his eyes and hisclothes were taken off for humiliation,Yes for second victim,1,Board over 3rd victims eyes,0,0,0,0,0,0,0,0,0,,1,,,,,
Ted_Bundy,,,36 Known,,,,,,,,,0,0,0,0,,,,1,0,,,,,,,,,,,,,,,,,,,
John_Joubert,Male,White,3,07/02/1963,,1,0,0,,Was not allowed to see his father.  He did not have a rolemodel.  He grew to hate his mother because of this.,,0,0,0,0,,,He was said to be obsessive-compulsive,0,1,1,0,0,1,0,1,0,0,0,0,0,0,The bodies were left near the scene in rural wooded areas.Although the bodies were hidden,The bodies were hidden near the scene in rural wooded areas.The method of dumping suggested that the killer was actingout of panic rather than experience.,0,The bodies were found a few miles from where the abductiontook place,The bodies were moved,The bodies were cut with knife wounds,0
Kimes_Sante,Female,White,5,07/ 24/ 1934,3rd of 4 children,,,,,,,,,No,Yes,,,,No,No,No,Yes,No,No,No,No,No,No,No,No,No,No,No,No,No,No,Yes,,No
Jesperson_Keith_-_spring_06,Male,White,8,April 6,,Not really,no,no,,Yes,,Yes,No,Not noted,Not noted,,,Not noted,yes,no,no,Would often play games,No,No,No,Yes 1 victim-drug under his semi truck,No,No,No,No,No,No,No,No,No,No,Dropped off at random spot while making a delivery,No,No
Evonitz_Richard_Marc_-_2005,Male,White,Killed 3,July 29,1st of 3,Considered Average,No,No,,Yes,,No,No,Yes,Yes,,,Alcohol Abuse by military,Yes,Yes,No,Yes,No,Yes,No,No,No,No,Would put the victim’s outer clothes back on,No,Yes,No,No,No,No,No,Yes,No,No
Jeremy_Jones,Male,White,3,April 12,1 of 2,1,0,0,,0,,0,0,1,0,,,Attention Deficit Disorder,1,1,1,1,0,0,0,1,0,0,0,0,0,0,1,0,0,0,0,0,0
Harold_Shipman,Male,White,Between 200 and 357?,January 14,2nd of 3,Not really unattractive,0,0,,His mother was overprotective and didn’t allow him tosocialize,,0,0,1,0,,,No credible diagnosis,0,0,0,1,0,0,0,0,0,0,0,0,Uncertain,0,1,0,0,0,0,0,0
Rogers_Glen,Male,White,5 but Glen claims up to 70,July 15,6 of 7,Glen was physically attractive,None,None,,Yes – mother would repeatedly want to kill her children,,No,Until age 12,Cocaine heavily,Alcohol heavily,,,Porphyria and Chronic Psychotic Disturbance,Yes,No,No,Yes,No,Yes,No,No,No,No,No,No,No,Yes,Yes,Yes,Yes,Yes,Yes,No,No
Joubert_John__2008_spring_,Male,White,3,07/02/1963,,Yes,No,No,,Was not allowed to see his father.  He did not have a rolemodel.  He grew to hate his mother because of this.,,No,No,No,No,,,He was said to be obsessive-compulsive,No,Yes,Yes,No,No,Yes,No,Yes,No,No,No,No,No,No,The bodies were left near the scene in rural wooded areas.Although the bodies were hidden,The bodies were hidden near the scene in rural wooded areas.The method of dumping suggested that the killer was actingout of panic rather than experience.,No,The bodies were found a few miles from where the abductiontook place,The bodies were moved,The bodies were cut with knife wounds,No
Durousseau_Paul__Fall_2006_,Male,Black,Suspected of 7,August 11,2nd of 2,Yes,No,No,,,,?,?,?,?,,,No,Yes,No,No,Yes,No,Yes,No,No,No,No,No,No,Jewelry,Jewelry,2 left at scene,No,No,3 Thrown in a ditch 1 of which was covered with blueblanket,1 Buried at construction site,No,No
John_Collins,,,Convicted of 1,,3rd of 3,1,0,0,,Mother and stepfather would leave him and his siblings in the car for hours,,1,1,0,0,,,Necrophilia,1,1,1,1,?,,,,,,,,,,,,,,,,
Warren_Bland,Male,White,One confirmed,January 21,Second (had an older half brother),1,,,,,,Not reported,Not reported,Denied use,Yes. He attended AA meetings,,,Several conflicting,Raped and sodomized,1,,,,1,,,0,0,0,0,1,1,1,0,0,Tossed the body down the hill,0,0,0
Sapp_William,Male,White,4 (killed),March 22,Oldest,No,No,No,,Yes,,Yes; set a log cabin on fire,Yes,Yes- crack cocaine,Yes,Not prior,Not prior,Bipolar (manic-depressive) Disorder,Yes,Yes,Yes,No,No,No,With Phree Morrow,No,No,No,No,No,Yes,No,No,Hid Morrow and Leach under two wooden planks andbrush,Buried Anderson in a garage floor,No,No,No,
Richard_Ramirez,Male,Hispanic,Convicted of 13,February 29,5th,Until he began to,Diagnosed with Temporal Lobe Epilepsy,0,,0,,0,0,1,1,,,No noted diagnosis of mental or physical disorders. Howeversince he was a child he suffered from seizures.,1,1,1,Sometimes,0,1,Sometimes,Sometimes,0,0,0,0,0,Generally took anything valuable from the home to pawn,1,0,0,0,0,0,0
Cannan_John,Male,White,Convicted of 1,February 20,2nd of 3,Yes,,,,Father harshly criticized,,,,Yes,Yes,,,,Yes,Yes,,,,Yes,No,No,No,No,No,No,No,No,Yes,,,,,,
Williams_Wayne__2012_,Male,African American,23 suspected,05/27/1958,1,No,No,No,,No,,No,No,No,No,No,No,,No signs,Beaten,No,Yes,No,Some with rope,No,No,No,No,No,No,Took clothes,No,No,Yes,No,No,No,No,
Robert_Hansen,Male,White,17,February 15,First - only child,0,Severe acne,Yes-stuttering,,Father strict,,1,0,0,0,,,Bipolar-effective disorder (diagnosis made by psychiatristwhen Hansen was arrested for stealing a chainsaw),Yes; had women perform oral sex on him,Yes- handcuffed,0,1,Yes -ace bandages,Yes - handcuffed,0,0,0,0,0,0,Business cards,Took personal items from victims,Sometimes,Threw in lake and weighed down with gravel,Yes- buried majority of victims,0,1,,
Randy_Roth,Male,White,2,December 26th,1st of 5,1,0,0,,Unknown,,Assumed to have started truck fire @ plant & possiblytorched Jan’s Pinto to collect insurance,Unknown,0,0,,,,0,0,0,1,0,0,0,0,0,0,0,0,0,0,1,0,0,1,0,0,0
Smith_Lemuel_-_2005,Male,African American,6,July 22,4th of 4,Yes,No,No,,Gannon claims that Lemuel Smith was psychologicallyabused by his father in the form of constant sermonsTold by mother if he was bad Indians would come and takehim away,,No,No,Yes,Yes,,,Diagnosed with Schizophrenia and borderline personalitydisorder,Yes,No,No,No,No,Yes,No,Yes,No,No,No,No,Yes,Yes,Yes,No,No,No,Yes in the case of Donna Payant,,No
Bob_Erler,Male,Caucasian,1,,Oldest,1,0,0,,No information,,No information,No information,He abused pot,He attended Alcoholics Anonymous in prison,,,The diagnosis (whileErler was in jail) from the psychologistsaid that Erler had a sociopathic personality,0,0,1,1,0,0,0,0,0,0,0,0,0,,0,0,0,1,0,0,0
Thomas_Luther,Male,White,1 murder,June 23,1st of 5,1,0,0,,Yes mom told him he would never amount to anything,,0,0,1,Yes drinking since childhood,0,0,Suffers from mixed personality disorders,1,0,1,0,0,0,0,0,0,0,0,0,0,0,Before series,0,0,0,Sometimes- cher yes,0,0
Sells_Tommy_Lynn_-_2005,Male,White,Exact number unknown,June 28,Third of 7,No,No,No,,While living at his great-aunts house,,No,No,Yes,Yes,,,Bipolar; depressive disorder; severe opioid,Yes,No,Once,Yes,No,Some,No,Yes,No,No,No,No,At least once,At least once,Yes,Yes,Claimed-no bodies found,No,Two Moved,No,No
Lemuel_Smith,Male,African American,6,July 22,4th of 4,1,0,0,,Gannon claims that Lemuel Smith was psychologicallyabused by his father in the form of constant sermonsTold by mother if he was bad Indians would come and takehim away,,0,0,1,1,,,Diagnosed with Schizophrenia and borderline personalitydisorder,1,0,0,0,0,1,0,1,0,0,0,0,1,1,1,0,0,0,Yes in the case of Donna Payant,,0
Joel_Rifkin,Male,White,Admitted to 17,January 20,First,0,Slouched and walked slow,Dyslexia,,1,,0,0,0,0,,,,0,0,0,1,0,0,0,1,0,0,0,0,1,0,0,0,0,0,1,1,1
Campbell_Charles_-_2005,Male,White,3,October 21,2nd of 5,No,One testicle,No,,Charles was constantly being yelled and screamed at.,,No,No,Yes,Yes,,,,Yes,Yes,Yes,No,No,No,No,Yes,No,No,No,No,Yes,No,Yes,No,No,Yes,No,Yes,No
Ray_Copeland,Male,White,5 that were found but twelve names all together had X’s bythem and others were all missing,?-?-1914,2nd  of 5,0,0,0,,0,,0,0,0,Unknown,,,None,0,0,0,Yes shot in back of the head,0,0,0,0,0,0,0,0,Had their clothing (was made into a quilt),Would take clothing which Faye made quilt out of,0,0,Yes crime scene was his home and he would bury the bodiesthroughout his home,0,0,0,All in separate places throughout their farm or barns that Raywas known to use
Neal_Wiliam_Lee_Cody,Male,White,3 murders,October 7,Youngest,Yes,No,No,,Sisters would lie to the parents about things Neal would do,,,,No,No,No,No,,Yes,No. Contrary to news reports,No,Yes,Either blanket over the head or came up from behind,Yes,No,Disconnected the skull from body; Urinated on victim,No,No,Yes,A piece of skull bone with hair attacked,,Yes,Fite was in view on a chair,Holberton and Walters were put in plastic bags and tied up,No,No,No,No,
Robert_Colson,,,5 (and unborn child),March 11,2nd of 2 (natural) 2nd of 3 (natural and adoptive),1,0,,,,,,,,,,,,0,0,1,1,1,1,0,0,0,0,0,0,0,0,Left at scene,0,0,0,0,0,
Fraser_Leonard__fall_2007_,Male,White,4,June 27,4th out of 5,Average,No,No,,,,No,,Yes,Yes,,,Psychopath,Yes,No,Yes,No,,,,,,,,,,,,,,,,,
Greenwood_Vaughn_-_fall_2006,Male,African American,Suspected of 11,1944,,,,,,,,,,,,,,,No,No,No,,No,No,No,Yes. Bodies found bearing signs of ritualistic abuse,No,No,Bodies had cups of blood next to them,,,Yes,Yes,No,No,No,No,No,No
Krebs_Rex_Allen_-_2005,Male,White,2,January 28,Mother’s 2nd,Average,No,No,,Yes,,No,Yes,Yes,Yes,,,“primary difficulties with adolescent,Yes,Yes,No,Yes,Yes,Yes,No,No,No,No,No,No,Yes (key chain,Yes (VCR,No,No,Yes (buried Rachel outside an abandoned house,No,Yes (killed Aundria at his house,No,Yes
Vaughn_Greenwood,Male,African American,Suspected of 11,1944,,,,,,,,,,,,,,,0,0,0,,0,0,0,Yes. Bodies found bearing signs of ritualistic abuse,0,0,Bodies had cups of blood next to them,,,1,1,0,0,0,0,0,0
Robert_Reldan,Monmouth,White,8 suspected,June 2,1st of 2,1,0,0,,,,0,0,,,Many times,1,Revealed narcissistic personality disorder and a strongrepressed hostility towards women. Had compulsivesexual behavior and was frequently manipulative.,1,,,No – strangulation,No – but in at least one case tried to keep his victim fromseeing his face by covering her face with her shirt.,Some were,0,0,0,0,0,0,0,1,0,0,0,0,0,0,
Smithers_Samuel_L,Male,White,Two confirmed,January 30,,,,,,Yes,,Yes (as an adult),,,,,,,No,No,Yes,No,No,No,No,Yes,No,No,No,No,No,No,No,Yes – thrown in the pond,No,No,No,No,No
Heirens_William_-_fall_2005,Male,White,Confessed 3 victims,November 15,1st of 2,Normal looking male,Lump on head at birth,No,,Had a hard time dealing with parents constant fighting,,Sexually excited by fires,,No,No,,,,No,Yes,Yes,No,No,No,No,Yes,No,No,No,No,No,Yes,Yes,No,No,No,No,Yes,No
McDuff_Kenneth,Male,White,5 convicted of,March 21st,5th out of 5,Yes,No,No,,No,,,,Addiction to Crack Cocaine,Yes (convicted for DUI and Drunk in Public) started at15.,Yes. Saw Special Education teacher in Elementary schoolfor behavior.,No,,Yes,No,Yes. Continued strangling after dead,No,No,Certain ones,No,No,No,No,No,No,Yes. Boy’s wallets...later buried.  German Crossnecklace off Louise.,Yes,No,Yes,No,No,Yes,,No
John_Straffen,Male,White,3,2/27/1930,3rd of 3,Average,Head trauma,0,,0,,0,0,0,0,,,Mental Defective,0,0,0,1,0,0,0,0,0,0,0,0,0,0,1,0,0,0,0,0,0
Wayne_Ford,Male,White,6 or more suspected,12/3/1961,Second of two,0,0,0,,0,,,,,,,,,1,No - Inflicted pain the same way he did previous girlfriendsduring sex and the same things he wanted them to do to him butthey didn’t like it /Said that anything that looked torturous wasdone postmortem,Two,Two,0,1,He thinks so but couldn’t remember,Some,0,0,0,Once,0,0,0,0,0,Yes/ he threw them in the water,0,,
Jesse_Pomeroy,Male,White,2 killed,November 29,Second born,0,Large body,0,,1,,0,0,0,0,,,,0,1,1,1,0,1,0,1,0,0,0,0,0,0,1,1,1,0,0,0,0
Danny_Starrett,Male,White,1 killed,September 25,Either 2nd or 3rd,Fairly,None documented,1,,Not by anyone other than himself. Danny was very hard onhimself as a child.,,None documented,None documented,None documented,1,,,Possible Atypical Paraphilia and possible MultiplePersonality Disorder,1,Chained two victims at the ankle and placed them in hiscloset on separate occasions,0,1,Put tape over one victims (Jeannie) sunglasses so she was notable to see where she was being held,1,Oral and vaginal smears during autopsy showed positive forsemen (not clear if pre or post kill),0,0,0,0,0,0,0,0,0,0,Danny wrapped Jean McCrea’s body in a green blanket andtrash bags before dumping her into a creek bed near her homeof Irmo,0,0,
Moore_Blanche_Taylor__2012_,Female,White,4 suspected,February 17,5 of 7,Yes,,,,Yes,,,,,,,,,No,No,,Efficient but methodical,No,No,No,No,No,No,No,No,No,Collected insurance payouts,Yes,No,No,No,No,No,
Henry_Lucas,,,,,,,,,,,,,,,,,,,,,,,,,,,,,,,,,,,,,,,
Eaton_Dale_Wayne,Male,White,7 suspected,February 10,2,No,None mentioned,None mentioned,,Yes – by his father supposedly,,Unknown,Unknown,No,No,Yes,No,Depression,Yes 1st and 2nd degree sexual assault.,Not physically,No,Yes; knocked unconscious,Right before killing,Yes,No,No,No,No,No (in suspected,No,Yes; entire car,No,No,No,No (in suspected,No,No (yes,No,
Prince_Cleophus__fall_2006_,,,6,1967,,,,,,,,,,,,,,,No,Yes,Yes,No,,,No,,No,No,Smeared blood on breasts of victims,No,Jewelry,Yes,Yes,No,No,No,No,No,No
Mattson_Michael_Dee,Male,White,Five (3 murdered,July 23,Assuming first of four,Unknown,Unknown,None,,Yes,,Yes,Unknown,Yes,Yes,Yes,Unknown,He might be responding to the type of behavior that hewas witnessing at home,Yes,Yes,No,Yes,No,No,No,No,No,No,No,No,No,No,No,Yes  – leaves placed over body,No,No,No,No,No
Blanche_Moore,Female,White,4 suspected,February 17,5 of 7,1,,,,1,,,,,,,,,0,0,,Efficient but methodical,0,0,0,0,0,0,0,0,0,Collected insurance payouts,1,0,0,0,0,0,
Westley_Dodd,Male,White,He murdered 3 children and molested an estimated 170children,July 3,1st of 3,1,None,None,,Dodd stated that his dad criticized a lot of what he did inschool and he could never live up to his dad’s expectations.He also states that his unhappiness stemmed from his parentsbickering and lack of emotional support.,,Unknown,1,Denies,Denies,,,Pedophilia,1,Yes-Lee Iseli,Lee Iseli,1,0,1,0,0,Had thoughts about it,0,0,0,Took shoelaces used to tie Neer brothers together and LeeIseli’s underwear,0,1,0,0,1,0,0,0
Straffen_John_Thomas__2008_spring_,Male,White,3,2/27/1930,3rd of 3,Average,Head trauma,No,,No,,No,No,No,No,,,Mental Defective,No,No,No,Yes,No,No,No,No,No,No,No,No,No,No,Yes,No,No,No,No,No,No
Cook_William__2008_spring_,Male,White,3 got away,12/23/1928,5th,No “hard”,Yes,No,,Yes,,,,No,No,,,-------,No,No,No,Yes,,Yes only 1 victim,No,No,No,No,No,No,No,No,Yes,No,No,No,Yes- dumped in abandoned mine shaft (Mosser family),No,No
Beets_Betty_Lou__spring_2007_,Female,White,2,03/27/1937,2,Yes,Hearing loss,Physical disability that contributes to speech disorder,,Yes,,No,No,No,Yes,,,Battered Women’s Syndrome,No,No,No (didn’t shoot more than three times),Yes,No,No,No,,No,No,No,No,No,No,No,No,Yes,No,No,No,No
Sellers_Sean__2012_,,White,,5/18/1969,1 of 1,Yes,No,No,,Yes,,No,Yes,Yes,Yes,No,No,Multiple Personality Disorder,No,No,No,Yes,No,No,No,No,No,No,No,No,No,No,Yes,No,No,No,No,No,
Bathory_Elizabeth_-_spring_2006,Female,White,600+,August 7,1st,To some yes,No,No,,,,Yes,Unknown,,,,,,Yes,Yes,Yes,No,No,Yes,No,Yes,May have forced others to eat flesh,Yes,No,No,No,No,Yes,Yes,Yes,No,Yes,No,No
Clark_Hadden__2005_,Male,White,2+ (2 were convicted,April 1951,2nd of 4,Yes,,,,Parents were alcoholics who would physically fight in front of thechildren.  Father referred to Clark as a “retard” when drinking.Mother called him Kristen and made him wear girl clothes whiledrunk.,,No,,,Yes,,,Paranoid schizophrenic,Attempted on first victim after he murdered her but unsuccessful.,Yes,No,Yes,No,Yes (second victim),Tried for first victim after death but unsuccessful,No,Yes,Yes,No,No,Yes – mainly jewelry – From second victim: a crystal unicorn,Yes,No,No,No,No,Yes,No,
Unterweger_Jack__2008_spring_, then murdered,White,9-11,August 16,Only child,Not disadvantaged,None known,No,,Possibly by ‘alcoholic’ grandfather.,,None known,None known,Unknown,Unknown,,,Declared a ‘sexually sadistic psychopath with narcissistic andhistrionic tendencies,No,One known case/ victim bludgeoned,No,Strangled with own article of clothing,No,Bruises and ligament marks on wrists,Yes - with sticks,No,No,No,Redressed certain victims,No,No,No,Yes- out in open,Yes- with few leaves,No,Yes- out in open,No,No,No
Sims_Paula,Female,White,2,May 21,Last of three  children,Yes,No,No,,Grandfather tormented  her  with threats of sexual assault,,No,No,Yes,Yes,No,No,,No,No,No,Yes,No,No,No,No,No,No,No,No,No,No,No,No,No,Loralei,No,,
Sean_Sellers,,White,,5/18/1969,1 of 1,1,0,0,,1,,0,1,1,1,0,0,Multiple Personality Disorder,0,0,0,1,0,0,0,0,0,0,0,0,0,0,1,0,0,0,0,0,
William_Cook,Male,White,3 got away,12/23/1928,5th,No “hard”,1,0,,1,,,,0,0,,,-------,0,0,0,1,,Yes only 1 victim,0,0,0,0,0,0,0,0,1,0,0,0,Yes- dumped in abandoned mine shaft (Mosser family),0,0
Coleman_Alton_(fall_2006),Male,African-American,8,November 6,3rd of 5,Yes,No,,,Yes,,No,Yes,Smoked marijuana occasionally,Drank occasionally,,,,Yes,Yes,Yes,No,No,Sometimes,No,No,No,No,No,No,No,Sometimes,Sometimes,Sometimes,No,Sometimes,No,No,No
Pee_Gaskin,Male,White,Confessed (80-110); Convicted (11),3/13/1933,1st  of 5,No major physical deformities except for his small stature,Small weight and height,0,,1,,0,0,0,0,0,1,,1,1,1,0,0,1,0,0,Yes- On one occasion- Jackie Freeman,0,0,0,No; Sometimes money and items that could not be traced,0,No except for Margaret Cuttino,1,No; however his niece,0,1,,
Lee_Malvo,Male,African-American,13 dead,February 18,2nd,1,0,A Jamaican accent,,No parental stability,,0,0,0,0,,,Brainwashing by John Muhammad,0,0,0,1,0,0,0,0,0,0,0,0,0,0,1,0,0,0,0,0,0
Wardrip_Farion__spring_2007_,,,5,,First,No,No,No,,No,,,,Yes,Yes,,,,Yes,Yes,Yes - multiple stab wounds,In some cases yes- but 2 of them were left for dead,No,Yes,No,No,No,No,No,No,No,No,Yes,No (but he hid some of the victims’ clothing),No,Sometimes,No,No,No
Gerald_Gallego,Male,White,10,July 17,1,Somewhat attractive,Birthmark on face,,,,,0,0,Smoked pot and did cocaine,Alcohol abuse,,,,Yes-every female victims was raped; he was in search of the“perfect sex slave”,Yes-would bite victims,,1,,1,0,0,0,0,0,0,0,0,Yes-but only one,,,,1,,
Charlene_Gallego,,,10,,,,,,,,,0,0,1,1,0,,None prior,All female victims were raped,Victims breasts and buttocks were bitten,,0,0,1,0,0,0,,0,0,Only money,1,0,1,1,,1,0,0
Jill_Coit,Female,White,2 (William Coit Jr. in 1972 and Gerald W. Boggs in 1993),6/11/43 or 6/11/44.  She often lied about her age.,1 of 2,1,,0,,Unknown,,0,0,No- she was very health conscious,No- she never even tried alcohol,,,She was treated for acute hysteria and emotional distress,0,1,0,1,0,0,0,0,0,0,0,0,0,0,Yes with both victims,0,0,Yes (first victim),0,0,0
Chikatilo_Andrei__fall_2007_,,,52 +,,,No,Yes he was nearsighted but was too afraid/embarrassed to tellanyone about it,No,,Chikatilo was always mocked for his impotence and that peoplealways teased him all through his life,,No,Yes,No,No,,,Sane even though the court thought he was insane,Yes,Yes,Yes,Sometimes but sometimes he would tortured the victim for awhile and kept them alive.,Yes,Yes,Yes,Yes,Yes the tips of tongues,No,No,No,No,No,No he would always try to hide or cover up the body,Yes,Yes,Yes he threw some of them in the river,Yes,Cut off body parts and would then stomp on them,No
Antone_Costa,Male,White,20 (convicted of 4 and information on 7),August 2,First,Somewhat,0,0,,0,,0,0,1,0,,,Schizoid personality,1,1,1,0,0,1,1,1,1,0,1,1,0,0,0,1,1,0,1,1,0
Paul_Durousseau,Male,Black,Suspected of 7,August 11,2nd of 2,1,0,0,,,,?,?,?,?,,,0,1,0,0,1,0,1,0,0,0,0,0,0,Jewelry,Jewelry,2 left at scene,0,0,3 Thrown in a ditch 1 of which was covered with blueblanket,1 Buried at construction site,0,0
Eugene_Stano,Male,White,Confessed to 41,September 12,5th of 6,Short and pudgy,0,0,,Serious neglect as a baby,,0,1,1,1,,,Unknown,1,0,1,0,0,0,0,0,0,0,1,0,0,0,0,Covered with branches,0,Covered with branches,0,0,0
Shore_Anthony_Allen__2008_spring_,Male,White,5,June 25,Oldest,Described as such,no,no,,Unable to make friends because of frequent,,No,Yes,Yes,Sometimes,,,Pedophile,Yes,Yes,No,Moderately,Sometimes,No,,,,,,,,,yes,,,,,,
Pickton_Robert__2008_spring_,,,Convicted of 6,,,No,Never showered,,,Neglected,,No,No,Crack cocaine,,,,,Yes,Yes,Yes,,No,Yes with wire and handcuffs,No,Yes,No,No,No,No because he grounded them up,No,,,,,,,Fed to pigs and used flesh for soil,
Barfield_Velma_-_2005_Fall, England: Onyx Printing.,,Suspected of 7,,,,,,,,,Yes,No,Yes,No,,,,No,Victims suffered prolonged illness,No,No,No,No,No,No,No,No,No,No,No,Yes,No,No,No,Took victims to hospital,No,No,No
Herb_Baumeister,Male,White,16 identified to him expected to be more,April 7,1st of 4,1,Two screws in jaw from surgery,0,,,,0,0,Yes. Cocaine and marijuana.,1,,,Father secretly took him to psychologist as a child and hadlengthy testing done. Report showed schizophrenia andpossibly multiple personalities. No further documentation.,No. Mutual Sex.,Strangled them.,Burned them after death.,0,0,Yes. With handcuffs.,0,0,0,0,0,0,0,0,Yes. Used bones as gravel for his yard.,Yes. Put bones down a creek at his residence.,Yes. Buried in burn pile.,0,0,0,0
Zani_Robert_Joseph,Male,White,3,2/26/1944,1st,Yes,No,No,,Yes,,No,No,Unknown,Unknown,No,No,,No,No,No,Yes,No,No,No,Yes,No,No,No,No,No,Yes,He attempted to hide all 3 victims,No,Yes,Yes,Yes,Yes,
Anthony_Shore,Male,White,5,June 25,Oldest,Described as such,0,0,,Unable to make friends because of frequent,,0,1,1,Sometimes,,,Pedophile,1,1,0,Moderately,Sometimes,0,,,,,,,,,1,,,,,,
Dodd_Westley_Allan,Male,White,He murdered 3 children and molested an estimated 170children,July 3,1st of 3,Yes,None,None,,Dodd stated that his dad criticized a lot of what he did inschool and he could never live up to his dad’s expectations.He also states that his unhappiness stemmed from his parentsbickering and lack of emotional support.,,Unknown,Yes,Denies,Denies,,,Pedophilia,Yes,Yes-Lee Iseli,Lee Iseli,Yes,No,Yes,No,No,Had thoughts about it,No,No,No,Took shoelaces used to tie Neer brothers together and LeeIseli’s underwear,No,Yes,No,No,Yes,No,No,No
Evans_Gary_-_fall_2005,Male,White,5 in 13 years and there is possibly more,October 7,2nd of 2,Yes,No,No,,Yes,,YesHe set fire to Jennifer House Commons,Unknown,NoHe hated people who did except for Lisa.  He believed drugdealers are no better than rapists or child molesters.,NoHe hated people who did except for Lisa.,,,Anti-Social Personality Disorder,No,No,Yes,Yes,No,Yes,No,Yes,No,No,No,No,No,Yes,Yes,No,Yes,No,Yes,,
Lockart_Michael_Lee__2012_,Male,White,3 murders,September 30,9th of 10,Yes,No,No,,No,,No,No,Yes,Yes,Yes,St. Charles Hospital,Depression,Yes,Yes,Yes,No,No,Yes,No,Yes,No,No,Yes,No,Yes,Yes,Yes,No,No,No,No,No,
Muhammad_John_Allen_-_2005,Male,African-American,13,December 31,First of 5 children,Average,None,None,,No,,No,No,No,No,,,Diagnosed as angry,No,No,No,Yes,No,No,No,No,No,No,No,No,No,No,Yes,No,No,No,No,No,No
Gary_Heidnik,Male,White,6 total victims,November 1943,1 of 2,0,1,0,,1,,0,1,Claims that the Army ran tests on him using LSD,0,,,Schizophrenia; Schizoid Personality Disorder,1,Yes; beat,0,0,0,1,0,1,1,0,0,1,0,0,Parts of the body,Parts of the body,Parts of the body,0,One of his victims,1,0
Hicks_James__2012_,Male,White,3 suspected,04/17/1951,Unknown,Yes,No,No,,No,,No,No,No,No,No,No,None,No,No,No,Yes,No,No,No,Yes,No,No,No,No,No,No,No,No,No,No,Yes,Yes,
Toppan_Jane_-_2005,Female,White (Irish),31,There is confusion about Jane’s birth year: some sources say itwas 1854,Youngest of 3 known siblings.,No,No,No,,Suffered shame and humiliation due to her Irish Catholicbackground by Ann Toppan.,,Yes,Unknown,None known,Some speculated intermittent drug use,,,Moral insanity/moral imbecility,Unknown,Yes,No,Yes,No,No,Unknown,No,No,No,No,No,No,Speculated that Jane took money or clothing from some victims,Yes,No,No,No,No,No,No
Robert_Black,Male,White,Convicted of killing 3 girls; highly suspected of being involvedin disappearances of at least 8 to 11 other girls.,April 21,1st of 5 (Biological),0,0,0,,None reported,,0,1,0,Drank,,,,Yes.,Yes; Sarah Harper was the only of the three victims to haveenough lack of decomposition at the time she was discovered tofind any forensic evidence—her vagina and anus had beenviolently explored pre-mortem.,Yes. Black violently explored Sarah Harper’s vagina and anus.,No. Black drove the victims to a location that was up to 300miles from where he took them,No.,Yes. When arrested,No.,No.,No.,No.,No.,No.,No.,No.,No.,No.,No.,Yes. Sarah Harper was found in a river; Caroline Hogg andSusan Maxwell were found in ditches or lay-bys. All of thevictims were found within 26 miles of each other and all ofthem were 300 miles away from where they had been taken.There was no real attempt to hide the bodies.,No.,No.,No.
Diana_Lumbrera,Female,Hispanic,7,November 2l,Oldest child,1,0,0,,0,,0,0,1,1,0,0,No diagnosed mental problems except for hypochondria,0,0,0,1,0,0,0,0,0,0,0,0,0,0,0,0,0,Yes; Victims taken to the hospital,0,0,
Dale_Anderson,,,2 Known,November 24,Only Child,0,0,0,,0,,0,0,0,0,,,Psychotic personality,0,1,0,0,0,1,0,1,0,0,0,0,1,0,0,0,0,Moved to overgrown creeks and land,0,0,0
Robert_Browne,Male,White,8 (claims 48 to 49),October 31st,Youngest of  9,0,0,0,,Childhood was succession of horrors and humiliations by oldersiblings and the mother condoned this.,,1,0,0,0,,,,0,0,0,1,0,0,0,Yes in some cases,0,0,0,0,0,0,1,1,0,0,Moved,1,0
Blank_Daniel__spring_2006_,Male,White,6,1962,One of eight children,,,,,,,,,,,,,Has a learning disability that hampers his verbal abilitiesand understanding of abstract concepts. Also diagnosed ashaving schizo-affective paranoia disorder,No,No,No,No,No,No,No,No,No,No,No,No,No,Yes,Yes,No,No,Yes,No,No,No
Albert_Fish,Male,White,5-15,May 19,Youngest,Small,0,,,Teased,,,,,,,,Disturbed but sane,1,1,1,0,0,The boys he tied up in the closet,0,1,1,1,0,1,0,0,1,1,1,Hid the bodies until he was done with them,0,,0
Colson_Robert__spring_2006_,,,5 (and unborn child),March 11,2nd of 2 (natural) 2nd of 3 (natural and adoptive),Yes,No,,,,,,,,,,,,No,No,Yes,Yes,Yes,Yes,No,No,No,No,No,No,No,No,Left at scene,No,No,No,No,No,
Judias_Buenoano,,White,3 murders and one attempted murder,April 4,3rd of 4,0,0,0,,0,,Yes; own home,0,0,Suspected alcohol use,,,,0,0,0,0,0,0,0,0,0,0,0,0,0,0,1,,,,,,
David_Carpenter,Male,White,10,05/06/30,2nd of 3,0,0,1,,1,,0,1,1,0,,,Sociopathic personality disorder,Raped four victims and attempted to rape another,0,1,1,0,0,0,0,0,0,1,0,0,Stole vehicle.,Yes.  Six victims were simply left where they fell dead.,0,0,0,Yes.  Four victims were found in shallow graves not far from where hekilled them.,,0
John_Gacy,,,,,,,,,,,,,,,,,,,,,,,,,,,,,,,,,,,,,,,
Michael_Mattson,Male,White,Five (3 murdered,July 23,Assuming first of four,Unknown,Unknown,None,,1,,1,Unknown,1,1,1,Unknown,He might be responding to the type of behavior that hewas witnessing at home,1,1,0,1,0,0,0,0,0,0,0,0,0,0,0,Yes  – leaves placed over body,0,0,0,0,0
Tommy_Sells,Male,White,Exact number unknown,June 28,Third of 7,0,0,0,,While living at his great-aunts house,,0,0,1,1,,,Bipolar; depressive disorder; severe opioid,1,0,Once,1,0,Some,0,1,0,0,0,0,At least once,At least once,1,1,Claimed-no bodies found,0,Two Moved,0,0
Invalid name,Male,White,6 were killed,September 29,,1,0,0,,0,,0,0,1,1,,0,,1,1,0,1,0,1,0,1,0,0,0,0,0,0,0,0,0,0,0,He put some victims in oil drums,0
Gilyard_Lorenzo__fall_2006_,Male,Black,13 (known victims),05/24/1950,1st of 3,,No,No,,,,,,,,,,,All but one of killings involved some type ofsexual assault,,,,,Some were bound with  or had something tied,No,No,No,No,Frequently,No,No evidence of this has been found,No,Yes,No,No,Yes,No,,
Hausner_Dale,Male,White,6 killed,02/04/1973,5th,Yes,No,No,,Unknown,,,,,,,,,No,No,No,Yes,No,No,No,No,No,No,No,No,No,No,Yes,No,No,No,No,No,
Kemper_Ed_-_2004,,,,,,,,,,,,,,,,,,,,,,,,,,,,,,,,,,,,,,,
Griffiths_Stephen,Male,White,3 convicted,12/24/1969,1st of 3,Yes,No,No,,Yes,,No,No,Yes,Yes,,Yes,Yes,No,,Yes,,No,One of the suspected victims,No,Yes,Yes,No,Yes,,,,No,No,No,No,Suspected of hiding a body under the pavement outsideof his flat,Yes,
Debardeleben_Mike__fall_2007_,Male,White,3,March 20,2nd of 3,Described as “wimpy,Irregularity at the bridge of his nose from a childhood surgery,No,,Mother was alcoholic,,Yes,No,Yes,Yes,,,Sexual Sadist,Yes,Yes,No,No,Yes,Yes,No,No,No,No,No,No,Yes,No,No,Yes,No,No,No,No,No
Knorr_Theresa_Cross__fall_2007_,Female,White,3,March 14,Youngest,Attractive as a young woman,No,No,,No,,No,No,Yes,Yes,,,,No,Yes,Yes,No,No,Yes,No,No,No,No,No,No,No,No,No,No,No,Yes,No,No,No
Bunting_John_Justin,Male,White,11 victims,9/04/1966,1st born,No,He has no sense of smell when he was born.,No,,Yes; by his friend’s older brother,,,,,,,,,No,Yes; giving electric shocks to sensitive parts (generally,No,No,No,Yes,No,Yes; almost of the victims’ bodies were cut up with a,Bunting and Wagner fried up and ate parts of David,No,No,No,Yes; from each victim personal information was taken in,After each victim was murdered,Thomas Trevilyan was the one victim who was left at the,No,,No,,,
Coit_Jill_-_2005,Female,White,2 (William Coit Jr. in 1972 and Gerald W. Boggs in 1993),6/11/43 or 6/11/44.  She often lied about her age.,1 of 2,Yes,,No,,Unknown,,No,No,No- she was very health conscious,No- she never even tried alcohol,,,She was treated for acute hysteria and emotional distress,No,Yes,No,Yes,No,No,No,No,No,No,No,No,No,No,Yes with both victims,No,No,Yes (first victim),No,No,No
Costa_Antone_-_spring_2006,Male,White,20 (convicted of 4 and information on 7),August 2,First,Somewhat,No,No,,No,,No,No,Yes,No,,,Schizoid personality,Yes,Yes,Yes,No,No,Yes,Yes,Yes,Yes,No,Yes,Yes,No,No,No,Yes,Yes,No,Yes,Yes,No
John_Bunting,Male,White,11 victims,9/04/1966,1st born,0,He has no sense of smell when he was born.,0,,Yes; by his friend’s older brother,,,,,,,,,0,Yes; giving electric shocks to sensitive parts (generally,0,0,0,1,0,Yes; almost of the victims’ bodies were cut up with a,Bunting and Wagner fried up and ate parts of David,0,0,0,Yes; from each victim personal information was taken in,After each victim was murdered,Thomas Trevilyan was the one victim who was left at the,0,,0,,,
Wuornos_Aileen__2008_spring_,Female,White,7,February 29,2nd child of 2,Had burns on face & arms,,,,,,Yes,No,No,Yes,,,,No,No,Yes,Yes,No,Yes,No,No,No,No,No,No,Yes,Yes,Yes,No,No,No,No,No,No
Carignan_Harvey,,,,,,,,,,,,,,,,,,,,,,,,,,,,,,,,,,,,,,,
Wiliam_Neal,Male,White,3 murders,October 7,Youngest,1,0,0,,Sisters would lie to the parents about things Neal would do,,,,0,0,0,0,,1,No. Contrary to news reports,0,1,Either blanket over the head or came up from behind,1,0,Disconnected the skull from body; Urinated on victim,0,0,1,A piece of skull bone with hair attacked,,1,Fite was in view on a chair,Holberton and Walters were put in plastic bags and tied up,0,0,0,0,
Dugan_Brian_James,Male,White,Suspected 5,September 23,2nd child of 5 children,yes,no,no,,His father verbally abused him.,,Yes,Yes,Yes,Yes,,,,Yes,No,No,No,Yes,Yes,No,No,No,No,No,No,No,No,Yes/No,Half hidden,Shallow grave,No,No,,No
Gacy_John_Wayne_-_2004,,,,,,,,,,,,,,,,,,,,,,,,,,,,,,,,,,,,,,,
Tinning_Marybeth__2012_,Female,White,9 suspected,09/11/1942,Firstborn,Yes (at least not unattractive); average,No,No,,Aunt told her she was unplanned and unwanted,,No,No,Took tranquilizers after first three children died,No,No,No,-,No,No,No,Yes,No,No,No,No,No,No,No,No,No,No,No,No,No,Children were taken to hospital or ER,No,,
Carroll_Cole,Male,White,13 substantiated (could be as many as 35),May 9th,2nd of 3,1,0,0,,1,,1,0,0,1,,,Diagnosed/re-diagnosed numerous times as Anti-social,0,0,0,1,0,0,Some victims,Allegedly,Allegedly,0,0,0,0,0,Some victims,Some victims,Some victims (allegedly),0,Some victims (allegedly),Some victims (allegedly),0
Norris_Roy__fall_2007_,Male,White,5 (Confirmed),February 2nd 1948,,No,No,No,,No,,No,No,Yes,,,,Mentally disordered sex offender,Yes,Yes,Yes,No,No,Yes,No,No,No,No,No,No,No. Did audio record the rape/killing and take pictures,No,No,No,No,Yes,No,No,No
Allanson_Patricia,Female,White,1,08/22/1937,1st of 2,No,No,No,,No,,No,No,No,No,No,No,,No,Yes,No,No,No,No,No,No,No,No,No,No,No,Robbed throughout contact with victim.,Yes,No,No,No,No,No,No
Lorenzo_Gilyard,Male,Black,13 (known victims),05/24/1950,1st of 3,,0,0,,,,,,,,,,,All but one of killings involved some type ofsexual assault,,,,,Some were bound with  or had something tied,0,0,0,0,Frequently,0,No evidence of this has been found,0,1,0,0,1,0,,
Lumbrera_Diana__2012_,Female,Hispanic,7,November 2l,Oldest child,Yes,No,No,,No,,No,No,Yes,Yes,No,No,No diagnosed mental problems except for hypochondria,No,No,No,Yes,No,No,No,No,No,No,No,No,No,No,No,No,No,Yes; Victims taken to the hospital,No,No,
James_Daveggio,Male,White,At least 17 rape victims; killed at least four,July 27,2nd of 3,Not bad looking; fairly attractive,0,1,,0,,0,0,1,1,,,Unknown,1,1,0,1,0,Yes – the van had restraints to hold the victims,0,0,0,0,0,0,0,0,1,0,0,1,0,0,0
Patrick_Kearney,Male,White,32-43,Sept,First born,0,0,0,,By bullies a majority of his life,,0,0,0,0,0,0,None,Sodomize,Drained their blood,0,1,1,1,Sodomy,Drained their blood and cut the bodies up,0,1,0,0,0,0,1,1,1,0,0,1,
Gaskin_Pee_Wee,Male,White,Confessed (80-110); Convicted (11),3/13/1933,1st  of 5,No major physical deformities except for his small stature,Small weight and height,No,,Yes,,No,No,No,No,No,Yes,,Yes,Yes,Yes,No,No,Yes,No,No,Yes- On one occasion- Jackie Freeman,No,No,No,No; Sometimes money and items that could not be traced,No,No except for Margaret Cuttino,Yes,No; however his niece,No,Yes,,
Larry_Eyler,Male,White,23,December 21,Last of fourth,1,0,0,,Step-fathers teased him,,0,0,0,0,,,,1,1,1,0,0,1,0,1,0,0,0,0,0,0,0,0,0,0,Yes; victims were put in trash bags and thrown intodumpsters or dumped along the highway or aninconspicuous area,1,0
Percy_Derek,Male,White,9 suspected,September 15,1st of 4,,,,,,,No,No,No,No,Recommended but did not attend,No,No,No,Yes,Yes,No,No,Yes on many occasions,No,Yes,No,No,No,No,No,No,Some,Some,Some,No,No,Cut up some of the bodies,No
Donald_Harvey,,,Harvey confessed to 87; however,April 15,1st of 3,Yes – was always obsessed with his looks.  He even went tothe lengths of wearing dress clothes as a child to elementaryschool.,0,0,,Father called him feminine names.,,Set a fire in a bathroom of an empty apartment in the buildingwhere he lived because he was depressed.,Unknown,No – however did attempt suicide with over the counter drugsmultiple times.  Used Deseryl,0,,,Psychopathic-type personality disorder,0,0,0,Usually – sometimes it would take a few days for the victimto die,0,0,0,0,0,1,0,No – however,Yes – for example: cookies,0,1,0,0,0,0,,0
Bundy_Ted_-_2005,,,36 Known,,,,,,,,,No,No,No,No,,,,Yes,No,,,,,,,,,,,,,,,,,,,
Keith_Jesperson,Male,White,8,April 6,,Not really,0,0,,1,,1,0,Not noted,Not noted,,,Not noted,1,0,0,Would often play games,0,0,0,Yes 1 victim-drug under his semi truck,0,0,0,0,0,0,0,0,0,0,Dropped off at random spot while making a delivery,0,0
Andrei_Chikatilo,,,52 +,,,0,Yes he was nearsighted but was too afraid/embarrassed to tellanyone about it,0,,Chikatilo was always mocked for his impotence and that peoplealways teased him all through his life,,0,1,0,0,,,Sane even though the court thought he was insane,1,1,1,Sometimes but sometimes he would tortured the victim for awhile and kept them alive.,1,1,1,1,Yes the tips of tongues,0,0,0,0,0,No he would always try to hide or cover up the body,1,1,Yes he threw some of them in the river,1,Cut off body parts and would then stomp on them,0
Lindsey_William_Darrell_-_fall_2005,Male,White,7,3/18/1935,Only child of natural parents.  Youngest of 4 in adoptivefamily,No,No,No,,Yes,,Set fire to a hut that local boys had built,No,Abused Heroin in the ‘60s and store the pain pills fromhis second wife while she was battling cancer,Yes; abuse started after heavy drinking began once hejoined the National Guard,,,Sociopath,Yes,Usually post-mortem,No,Yes,Sometimes,Sometimes,,Usually post-mortem,No,No,Yes,No,No,No,Sometimes posed. He wanted them to be seen,Yes,Most of the bodies were either left in water or left to beseen by all,Yes,Yes,,No
Hatcher_Charles_-_fall_2005,Male,White,Confessed to 16,July 16,4th of 4,No,No,No,,Broken home,,No,No,Yes,Yes,,,Hatcher was first diagnosed with schizophrenia,Yes,No,Yes,Yes,No,No,No,No,No,No,Yes,No,No,No,Left body at the scene of the crime,No,No,No,No,No,
Jesse_Cummings,Male,White,2,11-19-1955,6th out of 7,0,Borderline mentally retarded,,,1,,0,0,Dependent on Percodan & other painkillers after surgery,0,,,0,1,Cummings was known to abuse andcontrol all of his family members.  Hecontrolled his step-sister,0,1,0,Bound Melissa,0,0,0,0,0,0,1,0,Niece,0,No.,Step-sister,0,0,0
Gary_Ridgway,Male,White,48+,February 18,2nd of 3,0,0,0,,1,,Some while a child,Until age 13,,,,,,1,,,,,Sometimes,1,,0,0,Some,,Jewelry and clothes,,Some,,Some,,Some buried by themselves,,
Constanzo_Adolfo__fall_2007_,Male,Cuban-American,No final tally,Nov. 1st,1st of 4,Yes,No,No,,No,,No,No,Yes,Unknown,,,,No,Yes,Yes; mutilation,No,Unknown,Yes,No,Yes,No,No,No,Yes,No,No,No,Yes,Yes,No,No,Yes,No
Gilbert_Kristen_-_2005,Female,White,4 convicted murders,November 13,1st of 2,Yes,No,No,,Parents distant and unaffectionate,,None reported,None reported,??,??,,,Borderline Personality Disorder,No,No,No,Yes,No,No,No,No,No,No,No,No,No,Stole the epinephrine from the hospital at which she worked,Yes,No,No,No,No,,
Gary_Hilton,Male,White,2 convicted of,11/26/1946,Only child,1,None,Excited speech,,Mental abuse from his step-father Debag,,Unknown,Unknown,1,1,1,After he shot his stepfather,Schizophrenia,Raped Emerson,1,1,0,0,1,0,1,0,0,0,0,0,1,0,1,0,0,0,,
Glennon_Engleman,,,Suspected of 7,February 26,,Stockly built and attractive in spite of his round face,0,,,,,,,,,,,,0,0,1,1,0,0,0,0,0,0,0,0,0,Possibly,Mostly,Pushed Eric Frey down a well.,0,0,0,0,0
Marie_Hilley,Female,White,1 confirmed,06/04/1933,1st,Yes.  Voted “Prettiest Girl” in high school.,0,0,,0,,1,0,0,0,0,0,,0,Not exactly,0,0,0,0,0,0,0,0,0,0,0,0,Died in hospital,0,0,0,0,0,
Clifford_Olson,Male,White,11,January 1,1st of 4,0,0,0,,0,,0,0,1,1,,,?,1,0,1,0,0,0,?,1,0,0,0,0,1,0,0,1,1,0,1,,
Kristen_Gilbert,Female,White,4 convicted murders,November 13,1st of 2,1,0,0,,Parents distant and unaffectionate,,None reported,None reported,??,??,,,Borderline Personality Disorder,0,0,0,1,0,0,0,0,0,0,0,0,0,Stole the epinephrine from the hospital at which she worked,1,0,0,0,0,,
Crawford_John_Martin__fall_2007_,Male,White,4,March 29,1st of 3,No,Scarring on upper chest,No,,,,,,,,,,,Yes,Yes,Yes,No,No,No,No,Yes,Bit,No,No,No,No,No,No,Yes,No,No,Yes-Eva and Calinda,Sawed off Eva’s arm then buried her,
Wood_Jame_Edward__spring_2007_,Male,White,Not certain- Convicted of 1 killing and suspected of multipleothers,December 9,Only child of mother (Hazel Godwin),A 160-180lb Caucasian male with short brown hair---fit in andwas not noticeable physically by others around him.,1990 – Severely injured 3 fingers on his left hand while using apower saw – had surgery,No,,James claimed he was psychologically abused by his step-father.,,Yes,No,,Yes,,,Impulsive,Yes,Yes,Jeralee- Killed and dismembered body,Yes,No,No,Yes,Yes,No,No,No,No,No,Yes,No,Yes/ Threw body into lake,No,No,Last killing,Last killing,No
Williams_David_Russell,Male,White,2 convicted,3/07/1963,1st of 2,Yes,No,No,,Possibly neglected by mother,,Not specified (probably not),Not specified (probably not),No,No,Only for Air Force yearly reviews,No,Had obsessive-compulsive disorder (OCD),Yes,Yes,No,Yes,Yes,Yes,No,No,No,No,No,No,Yes- lingerie taken from victims,No (except lingerie),One was hidden,No,No,No,No,No,
James_Hicks,Male,White,3 suspected,04/17/1951,Unknown,1,0,0,,0,,0,0,0,0,0,0,None,0,0,0,1,0,0,0,1,0,0,0,0,0,0,0,0,0,0,1,1,
Coral_Watts,Male,African American,At least 27,11/7/1953,1st of 2,Not especially,Knee injury in college,0,,Tormented by dreams,,0,0,0,0,,,Depression and antisocial behavior,Not usually,Not usually,1,Sometimes,0,Not unless he hung them.,Not usually,0,0,0,0,0,0,Not usually,Sort of                           ?,Some,2,0,A couple,0,
Stayner_Cary_-_2005,Male,White,4?,August 12th ,1st of 5,Yes,?,?,,?,,? He had fantasies of setting a previousworkplace on fire,?,Most likely,He used alcohol,,,Obsessive Compulsive Disorder,Yes,?  He sexually assaulted Juli Sund for hours,Decapitated Joie Armstrong,No,No,Yes,No,Yes,No,No,No,No,Yes,No,No,No,No,No,Moved two bodies to trunk of car,,No
Richard_Evonitz,Male,White,Killed 3,July 29,1st of 3,Considered Average,0,0,,1,,0,0,1,1,,,Alcohol Abuse by military,1,1,0,1,0,1,0,0,0,0,Would put the victim’s outer clothes back on,0,1,0,0,0,0,0,1,0,0
Frederick_Klenner,Male,White,8,July 11,3rd of 3,1,0,0,,0,,,,,,,,,0,0,1,1,0,0,0,0,0,0,1,0,Jewelry,0,1,0,0,0,0,0,
Robert_Zani,Male,White,3,2/26/1944,1st,1,0,0,,1,,0,0,Unknown,Unknown,0,0,,0,0,0,1,0,0,0,1,0,0,0,0,0,1,He attempted to hide all 3 victims,0,1,1,1,1,
Kalinger_Joseph__spring_2007_,Male,White,3,12/11/1936,Adopted,Yes,No,No,,Parents laughed at ambitions and also told him that he hasbeen “fixed” so he couldn’t be sexually active,,Yes,No,No,No,,,There has been some disagreement between psychologists asto whether or not he had mental illness,No,Yes,No,Yes,No,Yes,No,Yes,No,No,No,Yes,No,Yes,Young boy and son were hidden,No,No,No,Yes,No,No
Wright_Stephen_Gerald_James,Male,White,Five,April 24,2,Average,No,No,,Yes,,No,no,No,Became heavy drinker,No,No,,No,No,No,Not sure,Not sure,No,No,No,No,No,2 of the bodies were found in the cruciform position,No,All women were found naked,No,All 5 victims were found at the scene but not sure if theywere killed there or moved there afterwards,Not hidden,Not buried,One body was found a ways off the road but there was nosign of dragging,No,,
William_Suff,Male,White,19,August 20,1st of 3,No (Puffy,,,,,,0,0,Prostitutes had drugs in system upon death,0,,,0,0,Stabbed face,0,0,0,0,0,Genital and anus area,0,0,1,1,1,1,Left along the road in a ravine,Some hidden,0,Sometimes,0,1,0
Pitchfork_Colin,,,Two,1961,Second born out of 3,decently,No,No,,Parents neglected him emotionally,,,,,,,,,Rape and Sexual Assault,Dawn put up a fight and her body was severely bruised and battered.,No,Lynda Mann was strangled quickly then raped.,No,No,Yes,No,No,No,No,No,No,No,,Hidden behind bushes and under leaves,,,,,
Robinson_John_Edward_-_2005,Male,White,8 known,December 27,3rd in 5,Somewhat attractive,Yes,No,,Not found,,no,no,No,Yes,,,No problems,Yes,Yes,No,Yes,No,Yes,No,No,No,No,No,No,Yes,Stole $500 in sex toys from a survivor,No,No,No,No,Yes,,Yes
Bland_Warren_James__fall_2006_,Male,White,One confirmed,January 21,Second (had an older half brother),Yes,,,,,,Not reported,Not reported,Denied use,Yes. He attended AA meetings,,,Several conflicting,Raped and sodomized,Yes,,,,yes,,,no,no,No,no,yes,yes,yes,no,no,Tossed the body down the hill,no,no,no
Rader_Dennis_-_2005,Male,White,~10,3-9-45,First of four boys,Symmetrical,Unknown – none visible,Unknown,,Unknown,,Unknown,Unknown,Unknown,Unknown,,,Unknown,No,Yes,No,Yes,Yes; hood,Yes,No,No,No,No,Yes,No,Yes; including jewelry,No,Yes,No,No,No; did possibly dispose of two victims on nearby dirt roads or underbridges,No,No,
Hickey_Frank__fall_2007_,Male,White,3,October 29,3 of 3,somewhat,no,no,,No,,,,,yes,,,,Yes,No,No,Yes,No,No,No,No,No,No,No,No,No,No,Second killing he strangled the boy in an outhouse anddisposed of the body in a latrine,Second killing hid the boy in a latrine,no,No attempt to hide 2 of the victims,No,No,No
Brudos_Jerome,Male,White,Convicted of 3,January,2nd of 2,No,No,No,,Yes,,No,No,,,,,Borderline Schizophrenic,Yes- typically post mortem,No,,Yes,No,No,Yes,Yes,No,No,Yes,Yes- example foot and breasts,Yes- shoes and undergarments,Not of money but he stole their clothing,No,No,?,No,No,Yes- mutilated many and disposed of them by sinking them inbodies of water,No
Rhodes_Robert_Ben__spring_2007_,Male,White,4,November 22,2nd out of 4,Not attractive,,,,,,,,,,,,,Yes,Yes,Yes,No,No,Yes,No,No,No,No,When he took victims,No,Yes,No,No,Yes,No,Yes,No,No,No
Carpenter_David_-_fall_2005,Male,White,10,05/06/30,2nd of 3,No,No,Yes,,Yes,,No,Yes,Yes,No,,,Sociopathic personality disorder,Raped four victims and attempted to rape another,No,Yes,Yes,No,No,No,No,No,No,Yes,No,No,Stole vehicle.,Yes.  Six victims were simply left where they fell dead.,No,No,No,Yes.  Four victims were found in shallow graves not far from where hekilled them.,,No
David_Ray,Male,White,14,November 6,1st of 2,Said to be a handsome teenager,0,0,,,,0,0,1,1,,,Paraphilia (psycho-sexual disorder),1,1,1,0,1,1,,1,,,,,,,0,1,1,0,1,1,0
William_Heirens,Male,White,Confessed 3 victims,November 15,1st of 2,Normal looking male,Lump on head at birth,0,,Had a hard time dealing with parents constant fighting,,Sexually excited by fires,,0,0,,,,0,1,1,0,0,0,0,1,0,0,0,0,0,1,1,0,0,0,0,1,0
Adolfo_Constanzo,Male,Cuban-American,No final tally,Nov. 1st,1st of 4,1,0,0,,0,,0,0,1,Unknown,,,,0,1,Yes; mutilation,0,Unknown,1,0,1,0,0,0,1,0,0,0,1,1,0,0,1,0
Gallego_Gerald_-_2005,Male,White,10,July 17,1,Somewhat attractive,Birthmark on face,,,,,No,No,Smoked pot and did cocaine,Alcohol abuse,,,,Yes-every female victims was raped; he was in search of the“perfect sex slave”,Yes-would bite victims,,Yes,,Yes,No,No,No,No,No,No,No,No,Yes-but only one,,,,Yes,,
Hansen_Robert_-_fall_2005,Male,White,17,February 15,First - only child,No,Severe acne,Yes-stuttering,,Father strict,,Yes,No,No,No,,,Bipolar-effective disorder (diagnosis made by psychiatristwhen Hansen was arrested for stealing a chainsaw),Yes; had women perform oral sex on him,Yes- handcuffed,No,Yes,Yes -ace bandages,Yes - handcuffed,No,No,No,No,No,No,Business cards,Took personal items from victims,Sometimes,Threw in lake and weighed down with gravel,Yes- buried majority of victims,No,Yes,,
Cleophus_Prince,,,6,1967,,,,,,,,,,,,,,,0,1,1,0,,,0,,0,0,Smeared blood on breasts of victims,0,Jewelry,1,1,0,0,0,0,0,0
Velma_Barfield,England: Onyx Printing.,,Suspected of 7,,,,,,,,,1,0,1,0,,,,0,Victims suffered prolonged illness,0,0,0,0,0,0,0,0,0,0,0,1,0,0,0,Took victims to hospital,0,0,0
Buenoano_Judias_-_fall_2005,,White,3 murders and one attempted murder,April 4,3rd of 4,No,No,No,,No,,Yes; own home,No,No,Suspected alcohol use,,,,No,No,No,No,No,No,No,No,No,No,No,No,No,No,Yes,,,,,,
Stanko_Stephen,Male,White,,1/13/1968,2nd of 5,People thought so – he was charming,No,No,,No,,No,No,No,No,No,No,,Yes for the teen daughter,No,Yes – Laura Ling was overly beaten,No,No,Yes,No,No,No,No,No,No,Yes – Bracelet,Yes -  took money and a few other items like a car,Yes,No,No,Yes – behind bed but not in an attempt to hide,No,No,
Earle_Nelson,Male,White,22 women & an 8 month old infant,May 12,1st,0,Unusually large hands,0,,Possibly his grandmother was a very strict Pentecostal andreligion played a big part of his life. This could have lead tohate of women because he viewed women as a power figure.,,0,0,0,1,1,1,Mentally insane,1,0,1,1,0,0,1,1,0,0,0,0,1,1,1,Yes would sometimes hide bodies under beds or in attics,0,Sometimes would just leave the victim in the spot where hekilled them,0,Yes would on occasion use razor blades to slice up his victims,
Dorothea_Puente,Female,White,Found 9 believed to be involved with 25disappearances,January 9th 1929,1st of 1,0,0,0,,Father and mother were both alcoholics,,0,,0,1,,,0,0,0,0,0,0,0,0,1,0,0,0,0,1,1,0,1,1,0,Buried,1,1
Hall_Larry_DeWayne,Male,White,4 Admitted,12/11/1962,2nd born out of twins,No,No,Yes,,Yes at school,,Yes,Yes,No,No,Yes,,Anxiety and Depression,Yes,Yes,Yes,Yes and No,Yes,Yes,Yes,Yes,No,No,No,No,Yes,No,Yes,No,Yes,Yes,Yes,Yes,No
Jones_Genene__fall_2006_,Female,White,11-46,July 13,Adopted,Not as a child,Overweight as a child,No,,(not found),,No,No,(not found),(not found),,,Munchausen Syndrome by Proxy,No,No,No,Yes,No,No,No,No,No,No,No,No,No,No,Yes,No,No,No,No,No,
Johnson_Vincent__fall_2006_,Male,African American,5-6,January 6,,,,,,,,,,Yes. Crack addict.,,,,,Had sex with at least three of his victims before he killedthem.,,,,,Yes,Admitted to having sex with at least one of the bodies.,,,,,,,,Victims found nude or partially clothed,,,,,,
Buono_Angelo,Male,White,10,October 5,1st of ?(some sources report that Angelo had 2 sisters,Yes,No,No,,Unknown,,Unknown,Unknown,No,No,,,Sexual sadism,Yes,Yes,Yes,No,No,Yes,No,No,No,No,Yes,No,Yes,No,No,No,No,Yes – once murdered,No,,
Sanchez_Altemio,Male,White; (51% European; 30% Native American; 13% Sub-Saharan African; 6% East Asian),Murdered 3 females; raped between 11-14 others,January 19,The last born (4th); 3 older siblings under the age of 4; 2 oldersisters and an older brother,Yes; community thought of him as a very easy-going,No.,Has an accent; no speech defect,,Mother told him he was a mistake and he should not havebeen born; she even tried to overdose on medication in orderto terminate the pregnancy,,,,No,No,,,,Yes; Sanchez was not successful in raping his last murdervictim,Yes; he would rape then strangle with ligature to controlconsciousness; also used duct tape to cover mouth andnostrils.,,Not really; would rape the victim and strangle to controlconsciousness (strangle and/or suffocate); although,Yes; the women were forced to use their own clothing (shortsor shirt) to cover their eyes; Sanchez would demand this sothe victim would not be able to recognize him.,No; controlled them with the ligature,No,No,No,No,No; he would leave the victim’s body half-naked and pants orunderwear scrunched up on one leg.  Most often withclothing (t-shirt) covering head.  In Mazur’s case (2nd murdervictim),No,No; although,No,Yes; regarding his first murder,No,No,No,Yes; regarding Sanchez’s second murder victim,No,No
Bonin_William_-_fall_2007,Male,White,As many as 30,January 8,1st of 2,No,,,,Neglected by parents,,Unknown,Unknown,Unknown,Unknown,,,Manic depressive disorder,Yes,Yes,Yes,No because he raped,Possibly,Yes,No,Yes,No,No,No,No,No,Yes,No,No,No,Yes,No,No,No
Gunness_Belle,Female,White,16 further plus 12 possible equals 28,November-11-1859,Unknown,No,No,No,,No,,Yes,No,No,No,No,No,,No,No,No,Yes,No,No,No,Dismembered,No,No,No,No,No,Took their money,No,No,No,No,Yes,Dismembered and buried in the yard,No
Dolezal_Frank,Male,White,12 suspected,05/04/1887,Unknown,To some,Wondering Eye,None,,Unknown,,No,No,No,Yes,Unknown,Unknown,,No,No,Yes,Unknown,Unknown,Unknown,No,Yes,No,No,No,No,No,No,Yes,Yes,Yes,Yes,Yes,,
Daveggio_James__fall_2007_,Male,White,At least 17 rape victims; killed at least four,July 27,2nd of 3,Not bad looking; fairly attractive,No,Yes,,No,,No,No,Yes,Yes,,,Unknown,Yes,Yes,No,Yes,No,Yes – the van had restraints to hold the victims,No,No,No,No,No,No,No,No,Yes,No,No,Yes,No,No,No
Hilton_Gary_Michael,Male,White,2 convicted of,11/26/1946,Only child,Yes,None,Excited speech,,Mental abuse from his step-father Debag,,Unknown,Unknown,Yes,Yes,Yes,After he shot his stepfather,Schizophrenia,Raped Emerson,Yes,Yes,No,No,Yes,No,Yes,No,No,No,No,No,Yes,No,Yes,No,No,No,,
Tammy_Corbett,Female,White,3,10/2/1965,Oldest,Average,0,0,,0,,0,0,0,1,,,Personality Disorders,0,0,0,1,0,0,0,0,0,0,0,0,0,0,1,0,0,0,0,0,
Hahn_Anna_Marie__fall_2007_,Female,White,Estimated 5 victims,July 7,12 of 12,Short blonde hair,No,No,,?,,?,?,Yes,No,,,,No,No,No,No,No,No,No,No,No,No,No,No,No,Yes,Yes,No,No,No,No,No,
Charles_Schmid,Male,White,3,July 8th,Adopted,0,0,0,,Possibly by his bad encounter with his birth mother.,,0,0,0,1,,,,Does not say,1,0,0,0,1,0,0,0,0,0,0,0,0,0,0,Yes (1st Victim),Yes (2nd and 3rd Victims),Partially (2nd and 3rd murders),0,0
Klenner_Frederick__2012_,Male,White,8,July 11,3rd of 3,Yes,No,No,,No,,,,,,,,,No,No,Yes,Yes,No,No,No,No,No,No,Yes,No,Jewelry,No,Yes,No,No,No,No,No,
Ramirez_Richard__spring_2007_,Male,Hispanic,Convicted of 13,February 29,5th,Until he began to,Diagnosed with Temporal Lobe Epilepsy,No,,No,,No,No,Yes,Yes,,,No noted diagnosis of mental or physical disorders. Howeversince he was a child he suffered from seizures.,Yes,Yes,Yes,Sometimes,No,Yes,Sometimes,Sometimes,No,No,No,No,No,Generally took anything valuable from the home to pawn,Yes,No,No,No,No,No,No
John_Crawford,Male,White,4,March 29,1st of 3,0,Scarring on upper chest,0,,,,,,,,,,,1,1,1,0,0,0,0,1,Bit,0,0,0,0,0,0,1,0,0,Yes-Eva and Calinda,Sawed off Eva’s arm then buried her,
Chase_Richard_-_fall_2005,but was impotent,,6,May 23,1st of 2,No,Impotence,No,,Yes- constant bickering,,Yes,Yes- consistently until age 8,Yes- Marijuana,Yes,,,Paranoid schizophrenia,Yes - sodomized Evelyn Miroth after killing,Yes,Yes,No,No,No,Yes-  raped and sodomized Evelyn Miroth,Yes,Yes,Yes,No,Yes- baby David,Yes- Meredith’s keys and wallet,Yes,Yes,No,Yes- several animals,Yes- within victim’s location (house,Yes,Yes,Yes- took baby David back to apartment
Brian_Dugan,Male,White,Suspected 5,September 23,2nd child of 5 children,1,0,0,,His father verbally abused him.,,1,1,1,1,,,,1,0,0,0,1,1,0,0,0,0,0,0,0,0,Yes/No,Half hidden,Shallow grave,0,0,,0
Corll_Dean_-_fall_2005,Male,White,27,December 24,1st of 2,Average looking,Heart murmur,No,,Father resorted to harsh punishments,,No,No,Yes,Yes,,,,Yes,Yes,Yes,No,Yes,Yes,No,Yes,Chewed on penis of a victim,No,No,No,No,No,No,No,No,No,Yes,No,No
Jack_Unterweger,then murdered,White,9-11,August 16,Only child,Not disadvantaged,None known,0,,Possibly by ‘alcoholic’ grandfather.,,None known,None known,Unknown,Unknown,,,Declared a ‘sexually sadistic psychopath with narcissistic andhistrionic tendencies,0,One known case/ victim bludgeoned,0,Strangled with own article of clothing,0,Bruises and ligament marks on wrists,Yes - with sticks,0,0,0,Redressed certain victims,0,0,0,Yes- out in open,Yes- with few leaves,0,Yes- out in open,0,0,0
Robert_Yates,Male,White,Suspected over 18 – Charged with 15,May 27,,1,,,,Unusual Relationship with Dominating Mother,,0,0,Yes with prostitutes later in life,0,,,,1,0,0,1,No but placed bags over head after death,0,1,0,0,0,0,0,Yes but never recovered,1,1,0,0,1,1,0,1
Ed_Kemper,,,,,,,,,,,,,,,,,,,,,,,,,,,,,,,,,,,,,,,
David_Copeland,Male,White,4 killed,5/15/1976,First,Very small for his age,none,none,,0,,0,0,1,1,,,Paranoid Schizophrenia and Personality Disorder,0,0,0,0,0,0,0,0,0,0,0,0,0,0,1,0,0,0,0,0,0
Joseph_Franklin,Male,White,7-20+,April 13,2nd of 4,0,1,0,,1,,0,0,0,0,0,None,,0,0,0,1,0,0,0,0,0,0,0,0,0,0,1,0,0,0,0,0,
Ray_David_Parker,Male,White,14,November 6,1st of 2,Said to be a handsome teenager,No,No,,,,No,No,Yes,Yes,,,Paraphilia (psycho-sexual disorder),Yes,Yes,Yes,No,Yes,Yes,,Yes,,,,,,,No,Yes,Yes,No,Yes,Yes,No
Berdella_Robert,Male,White,6 killed,January 31,1st of 2,No,Severe near sidedness,Yes,,Yes,,No record,No record,Yes,Yes,,,,Yes,Yes,No,No,Yes,Yes,No,Yes,No,No,Yes,Yes,Yes,Yes,Not usually,No,Not usually,No,No,Yes,
Joseph_Kalinger,Male,White,3,12/11/1936,Adopted,1,0,0,,Parents laughed at ambitions and also told him that he hasbeen “fixed” so he couldn’t be sexually active,,1,0,0,0,,,There has been some disagreement between psychologists asto whether or not he had mental illness,0,1,0,1,0,1,0,1,0,0,0,1,0,1,Young boy and son were hidden,0,0,0,1,0,0
Roy_Norris,Male,White,5 (Confirmed),February 2nd 1948,,0,0,0,,0,,0,0,1,,,,Mentally disordered sex offender,1,1,1,0,0,1,0,0,0,0,0,0,No. Did audio record the rape/killing and take pictures,0,0,0,0,1,0,0,0
Roth_Randy_-_2005,Male,White,2,December 26th,1st of 5,Yes,No,No,,Unknown,,Assumed to have started truck fire @ plant & possiblytorched Jan’s Pinto to collect insurance,Unknown,No,No,,,,No,No,No,Yes,No,No,No,No,No,No,No,No,No,No,Yes,No,No,Yes,No,No,No
Dennis_Rader,Male,White,~10,3-9-45,First of four boys,Symmetrical,Unknown – none visible,Unknown,,Unknown,,Unknown,Unknown,Unknown,Unknown,,,Unknown,0,1,0,1,Yes; hood,1,0,0,0,0,1,0,Yes; including jewelry,0,1,0,0,No; did possibly dispose of two victims on nearby dirt roads or underbridges,0,0,
Jane_Toppan,Female,White (Irish),31,There is confusion about Jane’s birth year: some sources say itwas 1854,Youngest of 3 known siblings.,0,0,0,,Suffered shame and humiliation due to her Irish Catholicbackground by Ann Toppan.,,1,Unknown,None known,Some speculated intermittent drug use,,,Moral insanity/moral imbecility,Unknown,1,0,1,0,0,Unknown,0,0,0,0,0,0,Speculated that Jane took money or clothing from some victims,1,0,0,0,0,0,0
Danny_Rolling,Male,White,5,May 26,1st of 2,1,0,0,,1,,No evidence,No evidence,1,1,,,Severe personality disorder,1,1,1,0,Sometimes,1,Sometimes,1,0,0,1,0,0,0,1,0,0,0,0,0,0
Malvo_Lee_Boyd_-_2005,Male,African-American,13 dead,February 18,2nd,Yes,No,A Jamaican accent,,No parental stability,,No,No,No,No,,,Brainwashing by John Muhammad,No,No,No,Yes,No,No,No,No,No,No,No,No,No,No,Yes,No,No,No,No,No,No
Baumeister_Herb_-_fall_2005,Male,White,16 identified to him expected to be more,April 7,1st of 4,Yes,Two screws in jaw from surgery,No,,,,No,No,Yes. Cocaine and marijuana.,Yes,,,Father secretly took him to psychologist as a child and hadlengthy testing done. Report showed schizophrenia andpossibly multiple personalities. No further documentation.,No. Mutual Sex.,Strangled them.,Burned them after death.,No,No,Yes. With handcuffs.,No,No,No,No,No,No,No,No,Yes. Used bones as gravel for his yard.,Yes. Put bones down a creek at his residence.,Yes. Buried in burn pile.,No,No,No,No
Jeffrey_Dahmer,Male,White,16,5/21/60,1st of 2,Above average,0,0,,Parents divorce,,0,0,0,1,,,,0,Not usually,1,1,,Sometimes,1,1,1,Tried it once,1,1,,0,0,1,1st victim,0,0,1,Killed and kept at home
Bianchi_Kenneth,Male,White,12 (the last two murders were carried out solely by KennethBianchi,May 22 1951,Only Child,Yes,No,No,,There is a possibility that he was mentally abused,,No,No,No,No,,,Petit mal syndrome,Yes,,Yes,No,No,Yes,No,No,No,No,Yes,No,Yes,No,No,No,No,Yes – once murdered,No,No,No
Rifkin_Joel_-_2005,Male,White,Admitted to 17,January 20,First,No,Slouched and walked slow,Dyslexia,,Yes,,No,No,No,No,,,,No,No,No,Yes,No,No,No,Yes,No,No,No,No,Yes,No,No,No,No,No,Yes,Yes,Yes
Spangler_Robert,Male,White,4 confirmed,01/10/1933,Adopted,,,,,,,,,,,,,,No,No,No,Yes,No,No,No,No,No,No,No,No,No,No,Yes,No,No,No,No,No,No
Christie_Jon__2008_spring_,,,,,,,,,,,,,,,,,,,,,,,,,,,,,,,,,,,,,,,
Sean_Gillis,Male,White,8 (convicted of 3),June 24,Only Child,0,0,0,,0,,0,0,0,1,0,0,,0,0,1,0,0,0,On one of his victims,1,A couple victims he ate his victims’ nipples.,0,1,On one of his victims,1,1,Only his first victim,0,0,1,0,,
Cole_Carroll_-_2005,Male,White,13 substantiated (could be as many as 35),May 9th ,2nd of 3,Yes,No,No,,Yes,,Yes,No,No,Yes,,,Diagnosed/re-diagnosed numerous times as Anti-social,No,No,No,Yes,No,No,Some victims,Allegedly,Allegedly,No,No,No,No,No,Some victims,Some victims,Some victims (allegedly),No,Some victims (allegedly),Some victims (allegedly),No
Dahmer_Jeffrey_-_2004,Male,White,16,5/21/60,1st of 2,Above average,No,No,,Parents divorce,,No,No,No,Yes,,,,No,Not usually,Yes,Yes,,Sometimes,Yes,Yes,Yes,Tried it once,Yes,Yes,,No,No,Yes,1st victim,No,No,Yes,Killed and kept at home
Gein_Ed,Male,White,7 (Confessed to 2,August 27,2nd of  2,No,Yes,Yes,,Yes,,,,,,,,,No,No,No,Yes,No,No,Yes,Yes,No,No,No,Yes,No,No,,No,No,No,No,,Yes
John_Muhammad,Male,African-American,13,December 31,First of 5 children,Average,None,None,,0,,0,0,0,0,,,Diagnosed as angry,0,0,0,1,0,0,0,0,0,0,0,0,0,0,1,0,0,0,0,0,0
Gallego_Charlene_Williams,,,10,,,,,,,,,No,No,Yes,Yes,No,,None prior,All female victims were raped,Victims breasts and buttocks were bitten,,No,No,Yes,No,No,No,,No,No,Only money,yes,No,Yes,Yes,,Yes,No,No
Copeland_Ray__spring_2006_,Male,White,5 that were found but twelve names all together had X’s bythem and others were all missing,?-?-1914,2nd  of 5,No,No,No,,No,,No,No,No,Unknown,,,None,No,No,No,Yes shot in back of the head,No,No,No,No,No,No,No,No,Had their clothing (was made into a quilt),Would take clothing which Faye made quilt out of,No,No,Yes crime scene was his home and he would bury the bodiesthroughout his home,No,No,No,All in separate places throughout their farm or barns that Raywas known to use
Corbett_Tammy_-_spring_2006,Female,White,3,10/2/1965,Oldest,Average,No,No,,No,,No,No,No,Yes,,,Personality Disorders,No,No,No,Yes,No,No,No,No,No,No,No,No,No,No,Yes,No,No,No,No,No,
Powers_Harry,Male,White,About 50 suspected,November 17th,3rd of 4 (2nd and 4th passed away as babies),Unattractive,Pig eyed,No,,Maybe,,Broke into the home of Rose and Thomas early becausehe was angry that he had not gained her affection and hadmarried someone else. He tried to burn down the house tocover the burglary,No mention of bedwetting,No mention of drug abuse,No mention of abusing alcohol,No,None,None,No – not entirely sure though.,Yes – gassed victims,No,No,No,Yes,Not with victims but got aroused by the torture,Beat with hammer,No,No,No,No,Yes – kept a lot of personal items from the victims,Yes – took possessions and sold homes,No,Buried in ditch next to garage on his land,Buried in ditch next to garage on his land,No,Buried in ditch next to garage on his land,No,
Alcala__Rodney__2012_,Male,White,8,8-23-1943,Third child,Yes,No,No,,No,,No,No,Yes,,Yes,Yes,Antisocial personality disorder,Yes,Yes,Yes,No,Yes,Yes,No,Yes,No,No,Yes,No,Yes,No,Yes,No,No,No,No,No,
Rolling_Danny_-_2004,Male,White,5,May 26,1st of 2,Yes,No,No,,Yes,,No evidence,No evidence,Yes,Yes,,,Severe personality disorder,Yes,Yes,Yes,No,Sometimes,Yes,Sometimes,Yes,No,No,Yes,No,No,No,Yes,No,No,No,No,No,No
Jaspers_Virginia__2008_spring__doc,Female,White,3 known mortalities,-------1924,1st,"No.  Looked ""male.""  Tall",No.,No.  Loud and socially awkward at times,,Teased by peers at school.,,unknown,unknown,unknown,unknown,,,unknown,No,No,No,No- Victims did not always die instantly.,No,No,No,No,No,No,No,No,No,No,Left at scene - did not attempt to hide the bodies.,No,No,No,No,No,No
John_Armstrong,Male,White,5,November 23,First,0,None,None,,1,,0,0,0,0,,,None,1,0,0,1,0,0,0,0,0,0,0,0,0,0,0,0,0,1,0,0,
Elizabeth_Bathory,Female,White,600+,August 7,1st,To some yes,0,0,,,,1,Unknown,,,,,,1,1,1,0,0,1,0,1,May have forced others to eat flesh,1,0,0,0,0,1,1,1,0,1,0,0
Puente_Dorothea_-_2005,Female,White,Found 9 believed to be involved with 25disappearances,January 9th 1929,1st of 1,No,No,No,,Father and mother were both alcoholics,,No,,No,Yes,,,No,No,No,No,No,No,No,No,Yes,No,No,No,No,Yes,Yes,No,Yes,Yes,No,Buried,Yes,Yes
Richard_Cottingham,Male,White,6,November 25,1st of 3,He was a handsome boy and an average looking adult,0,0,,0,,0,0,0,0,,,0,1,1,1,0,0,1,0,1,0,0,0,0,1,0,Yes; attempted to set fire to two of victims,0,0,0,0,,
Virginia_Jaspers,Female,White,3 known mortalities,-------1924,1st,"No.  Looked ""male.""  Tall",No.,No.  Loud and socially awkward at times,,Teased by peers at school.,,unknown,unknown,unknown,unknown,,,unknown,0,0,0,No- Victims did not always die instantly.,0,0,0,0,0,0,0,0,0,0,Left at scene - did not attempt to hide the bodies.,0,0,0,0,0,0
Archer-Gilligan_Amy,Female,White,5-48,October 1873,,Yes,No,No,,No,,,,No,No,No,No,,No,No,No,No,No,No,No,No,No,No,No,No,No,Yes,Yes,No,No,No,No,No,No
Vincent_Johnson,Male,African American,5-6,January 6,,,,,,,,,,Yes. Crack addict.,,,,,Had sex with at least three of his victims before he killedthem.,,,,,1,Admitted to having sex with at least one of the bodies.,,,,,,,,Victims found nude or partially clothed,,,,,,
Albright_Charles,Male,White,3,August 10,An adopted only child,Fairly so,No,No,,No,,No,No,No,No,,,None,Unknown,No torture,No,Yes,No,Not during the kill,One source claims he removed the eyeballs to haveintercourse in the sockets. No other confirmation of this.,Yes,No,No,Yes,Yes – victims’ eyes,Not mentioned,No,No,No,No,Moved after murder and eye removal,No,,
Lee_Derrick_Todd__fall_2006_,Male,Black,7-10,11/05/1968,2nd of 4,Yes,No,No,,No,,Yes,Yes,Yes,Yes,,,Mildly retarded,Yes,No,Yes,No,No,No,Immediately after with 1-3 victims,No,No,No,Yes,No,No,No,Yes,No,No,Yes,No,No,No
Robert_Fry,Male,White,Suspected of 7,August 18,Last of 4,0,0,0,,Scared by kids at 3 yrs old,,0,0,1,1,,,0,Attempted on one of his murder victims-raped a girl at ayounger age,0,1,0,0,0,0,1,0,0,0,0,0,Robbed location,2 victims at the Eclectic Store,Yes other 2 victims,0,One victim drug to the bushes,0,0,0
McCullough_Patrick,,,3,,,Yes,Yes,Yes,,Yes,,Yes,No,Yes,Yes,,,Was put on various medications and restraints. Upon his 18thbirthday,No,No,No,,,,,,,,,,,,,,,,,,
Larry_Hall,Male,White,4 Admitted,12/11/1962,2nd born out of twins,0,0,1,,Yes at school,,1,1,0,0,1,,Anxiety and Depression,1,1,1,Yes and No,1,1,1,1,0,0,0,0,1,0,1,0,1,1,1,1,0
Dean_Corll,Male,White,27,December 24,1st of 2,Average looking,Heart murmur,0,,Father resorted to harsh punishments,,0,0,1,1,,,,1,1,1,0,1,1,0,1,Chewed on penis of a victim,0,0,0,0,0,0,0,0,0,1,0,0
Ford_Wayne_Adam,Male,White,6 or more suspected,12/3/1961,Second of two,No,No,No,,No,,,,,,,,,Yes,No - Inflicted pain the same way he did previous girlfriendsduring sex and the same things he wanted them to do to him butthey didn’t like it /Said that anything that looked torturous wasdone postmortem,Two,Two,No,Yes,He thinks so but couldn’t remember,Some,No,No,No,Once,No,No,No,No,No,Yes/ he threw them in the water,No,,
Charles_Cullen,Male,White,Charged with 29-claims to have killed close to 40 but can’tremember names,February 22,8th of 8,Average,Unknown,Unknown,,Unknown,,Unknown,Unknown,0,1,,,Major Depression; Alcohol Dependence; Acute AnxietyWife described him as a “borderline personality” but thisdiagnosis has not been confirmed,0,0,0,1,0,0,0,0,0,0,0,0,0,0,1,0,0,0,0,0,0
Francois_Kendall,Male,African American,Eight,July 26,2nd of 4 Children (Raquel,No,Overweight,None,,No psychological abuse reported,,None reported, or fire setting. Although common criteria islacking,No record of drug use or abuse,No record of alcohol use or abuse,,,None given,No,No,No,Yes,No,No,No,No,No,No,No,No,No,No,No,Yes,Yes,No,Yes,,Yes
Kraft_Randy__spring_2007_,Male,White,16,March 19,4th child (only son),Yes,No,No,,No records,,No,No,Yes.  Valium to ward of stomach pains andmigraines. Used speed to lose weight,Alcohol,,,Medical  diagnosis - Hypoglycemia,No,Yes,No,No,Sometimes,Sometimes,No,No,No,No,No,No,Yes,No,No,No,No,Yes pushed bodies out of car and dumped onhighway,No,No,No
Gerard_David_Allen,Male,White,11 suspected,11/23/1962,Unknown,No,No,No,,Allegedly by mother,,Unknown,Unknown,No,Yes,No,No,,Unknown,Yes,Yes,No,No,No,Unknown,No,No,No,No,No,Unknown,Unknown,Yes,No,No,No,No,No,
Lesley_Warren,Male,White,4 confirmed victims,October 15,1st of 2 (4 if include 1 step-brother and 1 half-brother),Average,None,None,,Never understood what he did wrong,,0,0,Heavily,Heavily,,,Conduct disorder,Some of the victims,Gray was severely beaten prior to death.,0,0,None,Bound the hands of one victim,Unknown,0,0,0,0,0,1,0,0,0,0,0,Moved and attempted to hide,0,0
Mudgett_Herman__2012_,Male,White,100+ suspected,05/16/1861,3rd,Yes,No,No,,No,,Yes,No,No,No,No,No,No,No,Yes,No,Yes,Yes,Yes,No,Yes,No,No,No,No,No,No,No,No,No,Yes,Yes,No,
Hoyt_Waneta,Female,White,5,May 13,6th of  8,Yes,No,No,,No,,No,No,No,No,No,No,,No,No,No,Yes,No,No,No,No,No,No,No,No,No,No,Yes,No,No,No,No,No,No
Jones_Jeremy__2008_spring_,Male,White,3,April 12,1 of 2,Yes,No,No,,No,,No,No,Yes,No,,,Attention Deficit Disorder,Yes,Yes,Yes,Yes,No,No,No,Yes,No,No,No,No,No,No,Yes,No,No,No,No,No,No
Lucas_Henry_Lee_-_2004,,,,,,,,,,,,,,,,,,,,,,,,,,,,,,,,,,,,,,,
William_Burke,Male,White,15,1792,Second (Youngest),Average,0,0,,0,,0,0,0,1,,,0,0,0,0,1,0,0,0,0,0,0,0,0,Only in one murder – Jamie Wilson,1,0,0,0,0,0,0,
Shaw_Sebastian,Male,Asian (Vietnamese),4 suspected,November 28th,1st (and only),Not physically attractive,None known,None known,,At age 7 in 1975 he escaped Vietnam.,,No,No,No,Yes,No,,,Yes,Put  Todd Rudiger in the closet while he raped and killed DonnaFerguson (and then killed Todd),No,Yes,Yes for some victims,Yes,No,No,No,No,No,No,Yes,Yes,Yes,No,No,No,No,No,No
Rex_Krebs,Male,White,2,January 28,Mother’s 2nd,Average,0,0,,1,,0,1,1,1,,,“primary difficulties with adolescent,1,1,0,1,1,1,0,0,0,0,0,0,Yes (key chain,Yes (VCR,0,0,Yes (buried Rachel outside an abandoned house,0,Yes (killed Aundria at his house,0,1
Fisher_Lavinia__2012_,,,2 suspected,1793/1791,John- 4th of 4,John- Tall,Lavinia - Knocked Knees,,,,,No,No,No,No,No,No,,,,,,,,,,,,,,,,,N/a,Yes,,No,No,
Hilley_Marie__2012_,Female,White,1 confirmed,06/04/1933,1st,Yes.  Voted “Prettiest Girl” in high school.,No,No,,No,,Yes,No,No,No,No,No,,No,Not exactly,No,No,No,No,No,No,No,No,No,No,No,No,Died in hospital,No,No,No,No,No,
Russell_George_Waterfield_-_2005,Male,African American,3,April 1958,1st of 3,Yes,No,No,,Yes,,No,No,Yes,Yes,,,Antisocial Personality Disorder,Yes,Yes,Yes,No,No,No,Yes,Yes,No,No,Yes,No,Yes (ring),Yes,Yes,No,No,Yes,No,No,No
Glatman_Harvey,Male,White,3─2 models and 1 “good girl”,December 10,Only child,No,None,None,,No,,None,None,No,No,,,Diagnosed with different problems: Psychopathicpersonality,Yes,No,No,Yes,No,Yes,No,No,No,No,Yes,No,The rope used to kill each woman,No,N/a,N/a,Buried all three in the desert,N/a,N/a,,N/a
Ridgway_Gary_-_2005,Male,White,48+,February 18,2nd of 3,No,No,No,,Yes,,Some while a child,Until age 13,,,,,,Yes,,,,,Sometimes,Yes,,No,No,Some,,Jewelry and clothes,,Some,,Some,,Some buried by themselves,,
Armstrong_John_Eric,Male,White,5,November 23,First,No,None,None,,Yes,,No,No,No,No,,,None,Yes,No,No,Yes,No,No,No,No,No,No,No,No,No,No,No,No,No,Yes,No,No,
Farion_Wardrip,,,5,,First,0,0,0,,0,,,,1,1,,,,1,1,Yes - multiple stab wounds,In some cases yes- but 2 of them were left for dead,0,1,0,0,0,0,0,0,0,0,1,No (but he hid some of the victims’ clothing),0,Sometimes,0,0,0
Cary_Stayner,Male,White,4?,August 12th,1st of 5,1,?,?,,?,,? He had fantasies of setting a previousworkplace on fire,?,Most likely,He used alcohol,,,Obsessive Compulsive Disorder,1,?  He sexually assaulted Juli Sund for hours,Decapitated Joie Armstrong,0,0,1,0,1,0,0,0,0,1,0,0,0,0,0,Moved two bodies to trunk of car,,0
Mike_Debardeleben,Male,White,3,March 20,2nd of 3,Described as “wimpy,Irregularity at the bridge of his nose from a childhood surgery,0,,Mother was alcoholic,,1,0,1,1,,,Sexual Sadist,1,1,0,0,1,1,0,0,0,0,0,0,1,0,0,1,0,0,0,0,0
Dale_Eaton,Male,White,7 suspected,February 10,2,0,None mentioned,None mentioned,,Yes – by his father supposedly,,Unknown,Unknown,0,0,1,0,Depression,Yes 1st and 2nd degree sexual assault.,Not physically,0,Yes; knocked unconscious,Right before killing,1,0,0,0,0,No (in suspected,0,Yes; entire car,0,0,0,No (in suspected,0,No (yes,0,
Rory_Conde,Male,White,6,June 14,2nd of 2,Normal appearance,0,,,Supposed psychological abuse,,,,,,,,“Extreme mental or emotional disturbances”,1,1,0,1,,1,1,0,0,0,Message written on third victim stating “Third. I will callDwight Chan. 10. See if you can catch me”,0,1,0,0,0,0,1,0,0,0
Middleton_David,Male,Black,1 rape (convicted) 2 murder (convicted) unknown of howmany all together,6/25/61,Unknown,Average,Distinctive Underbite,No,,No,,,,Yes,Yes,,,No,Yes,Yes,Yes,No,On abduction,Yes,Possibly,Some,No,No,Yes tied them in rope,No,Yes. Under garments,Yes,No,No,No,No,Yes,No,No
Cullen_Charles_-_spring_2006,Male,White,Charged with 29-claims to have killed close to 40 but can’tremember names,February 22,8th of 8,Average,Unknown,Unknown,,Unknown,,Unknown,Unknown,No,Yes,,,Major Depression; Alcohol Dependence; Acute AnxietyWife described him as a “borderline personality” but thisdiagnosis has not been confirmed,No,No,No,Yes,No,No,No,No,No,No,No,No,No,No,Yes,No,No,No,No,No,No
Daniel_Blank,Male,White,6,1962,One of eight children,,,,,,,,,,,,,Has a learning disability that hampers his verbal abilitiesand understanding of abstract concepts. Also diagnosed ashaving schizo-affective paranoia disorder,0,0,0,0,0,0,0,0,0,0,0,0,0,1,1,0,0,1,0,0,0
McGinnis_Virginia__2012_,Female,White,4 suspected,January,,No,No,No,,Yes,,Yes,Yes,,,,No,Antisocial Behavior/Psychopath,No,No,No,Yes,No,No,No,No,No,No,No,No,No,No,Yes,No,No,No,No,No,
John_Robinson,Male,White,8 known,December 27,3rd in 5,Somewhat attractive,1,0,,Not found,,0,0,0,1,,,No problems,1,1,0,1,0,1,0,0,0,0,0,0,1,Stole $500 in sex toys from a survivor,0,0,0,0,1,,1
Kearney_Patrick__2012_,Male,White,32-43,Sept,First born,No,No,No,,By bullies a majority of his life,,No,No,No,No,No,No,None,Sodomize,Drained their blood,No,Yes,Yes,Yes,Sodomy,Drained their blood and cut the bodies up,No,Yes,No,No,No,No,Yes,Yes,Yes,No,No,Yes,
Warren_Lesley_Eugene__spring_2007_,Male,White,4 confirmed victims,October 15,1st of 2 (4 if include 1 step-brother and 1 half-brother),Average,None,None,,Never understood what he did wrong,,No,No,Heavily,Heavily,,,Conduct disorder,Some of the victims,Gray was severely beaten prior to death.,No,No,None,Bound the hands of one victim,Unknown,No,No,No,No,No,Yes,No,No,No,No,No,Moved and attempted to hide,No,No
Erler_Bob_-_fall_2005,Male,Caucasian,1,,Oldest,Yes,No,No,,No information,,No information,No information,He abused pot,He attended Alcoholics Anonymous in prison,,,The diagnosis (whileErler was in jail) from the psychologistsaid that Erler had a sociopathic personality,No,No,Yes,Yes,No,No,No,No,No,No,No,No,No,,No,No,No,Yes,No,No,No
Eyler_Larry__fall_2007_,Male,White,23,December 21,Last of fourth,Yes,No,No,,Step-fathers teased him,,No,No,No,No,,,,Yes,Yes,Yes,No,No,Yes,No,Yes,No,No,No,No,No,No,No,No,No,No,Yes; victims were put in trash bags and thrown intodumpsters or dumped along the highway or aninconspicuous area,Yes,No
Virginia_McGinnis,Female,White,4 suspected,January,,0,0,0,,1,,1,1,,,,0,Antisocial Behavior/Psychopath,0,0,0,1,0,0,0,0,0,0,0,0,0,0,1,0,0,0,0,0,
Berkowitz_David,Male,White,15 total,June 1,Second of 2,Neutral,Dragged feet when he walked.,No,,Father told him that he was a mistake.  Age 10,,Burned Bugs,Not documented,Used marijuana,No,,,Paranoid Schizophrenic,No,No,No,Yes,No,No,No,No,No,No,No,No,No,No,Yes,No,No,No,No,No,No
Mullin_Herb,Male,White,13,April,2 of 2,Yes,No,No,,No,,Unknown,Unknown,Yes,Unknown,,,Schizophrenic,No,No,He stabbed victims after shooting them to death,No,No,No,No,Only Mary Guilfoyle,No,No,No,No,The rosary pouch of the Priest,No,Yes,No,No,One victim,No,No,No
Collins_John__fall_2007_,,,Convicted of 1,,3rd of 3,Yes,No,No,,Mother and stepfather would leave him and his siblings in the car for hours,,Yes,Yes,No,No,,,Necrophilia,Yes,Yes,Yes,Yes,?,,,,,,,,,,,,,,,,
Waterfield_Fred,Male,White,6 were killed,September 29,,Yes,No,No,,No,,No,No,Yes,Yes,,No,,Yes,Yes,No,Yes,No,Yes,No,Yes,No,No,No,No,No,No,No,No,No,No,No,He put some victims in oil drums,No
Hadden_Clark,Male,White,2+ (2 were convicted,April 1951,2nd of 4,1,,,,Parents were alcoholics who would physically fight in front of thechildren.  Father referred to Clark as a “retard” when drinking.Mother called him Kristen and made him wear girl clothes whiledrunk.,,0,,,1,,,Paranoid schizophrenic,Attempted on first victim after he murdered her but unsuccessful.,1,0,1,0,Yes (second victim),Tried for first victim after death but unsuccessful,0,1,1,0,0,Yes – mainly jewelry – From second victim: a crystal unicorn,1,0,0,0,0,1,0,
Robert_Rhodes,Male,White,4,November 22,2nd out of 4,Not attractive,,,,,,,,,,,,,1,1,1,0,0,1,0,0,0,0,When he took victims,0,1,0,0,1,0,1,0,0,0
Alton_Coleman,Male,African-American,8,November 6,3rd of 5,1,0,,,1,,0,1,Smoked marijuana occasionally,Drank occasionally,,,,1,1,1,0,0,Sometimes,0,0,0,0,0,0,0,Sometimes,Sometimes,Sometimes,0,Sometimes,0,0,0
Browne_Robert_Charles__2008_spring_,Male,White,8 (claims 48 to 49),October 31st,Youngest of  9,No,No,No,,Childhood was succession of horrors and humiliations by oldersiblings and the mother condoned this.,,Yes,No,No,No,,,,No,No,No,Yes,No,No,No,Yes in some cases,No,No,No,No,No,No,Yes,Yes,No,No,Moved,Yes,No
Fish_Albert__2008_spring_,Male,White,5-15,May 19,Youngest,Small,No,,,Teased,,,,,,,,Disturbed but sane,Yes,Yes,Yes,No,No,The boys he tied up in the closet,No,Yes,Yes,Yes,No,Yes,No,No,Yes,Yes,Yes,Hid the bodies until he was done with them,No,,No
David_Gerard,Male,White,11 suspected,11/23/1962,Unknown,0,0,0,,Allegedly by mother,,Unknown,Unknown,0,1,0,0,,Unknown,1,1,0,0,0,Unknown,0,0,0,0,0,Unknown,Unknown,1,0,0,0,0,0,
Derrick_Lee,Male,Black,7-10,11/05/1968,2nd of 4,1,0,0,,0,,1,1,1,1,,,Mildly retarded,1,0,1,0,0,0,Immediately after with 1-3 victims,0,0,0,1,0,0,0,1,0,0,1,0,0,0
Raymont_Hopewell,Male,Black,5,June 11,,0,,,,,,,,1,,,,,1,0,0,0,0,,0,0,0,0,0,0,0,0,1,0,0,0,0,0,0
Samuel_Smithers,Male,White,Two confirmed,January 30,,,,,,1,,Yes (as an adult),,,,,,,0,0,1,0,0,0,0,1,0,0,0,0,0,0,0,Yes – thrown in the pond,0,0,0,0,0
Heidnik_Gary_-_fall_2005,Male,White,6 total victims,November 1943,1 of 2,No,Yes,No,,Yes,,No,Yes,Claims that the Army ran tests on him using LSD,No,,,Schizophrenia; Schizoid Personality Disorder,Yes,Yes; beat,No,No,No,Yes,No,Yes,Yes,No,No,Yes,No,No,Parts of the body,Parts of the body,Parts of the body,No,One of his victims,Yes,No
Gillis_Sean_Vincent,Male,White,8 (convicted of 3),June 24,Only Child,No,No,No,,No,,No,No,No,Yes,No,No,,No,No,Yes,No,No,No,On one of his victims,Yes,A couple victims he ate his victims’ nipples.,No,Yes,On one of his victims,Yes,Yes,Only his first victim,No,No,Yes,No,,
Spahalski_Robert,Male,White,4,12/12/1954,1 of 2 (twins),No,No,No,,No,,Yes,No,Yes,No,No,None,None,No,No,No,Yes. Spahalski  mostly strangled his victims,No,No,,No,No,No,No,No,No,No,Yes,No,No,No,No,No,No
Schmid_Charles__spring_2007_,Male,White,3,July 8th,Adopted,No,No,No,,Possibly by his bad encounter with his birth mother.,,No,No,No,Yes,,,,Does not say,Yes,No,No,No,Yes,No,No,No,No,No,No,No,No,No,No,Yes (1st Victim),Yes (2nd and 3rd Victims),Partially (2nd and 3rd murders),No,No
Charles_Campbell,Male,White,3,October 21,2nd of 5,0,One testicle,0,,Charles was constantly being yelled and screamed at.,,0,0,1,1,,,,1,1,1,0,0,0,0,1,0,0,0,0,1,0,1,0,0,1,0,1,0
Dunkle_Jon_Scott,Male,White,4 and 2 attempts,October 11,Unknown,No,No,No,,Yes,,,Unknown,Marijuana and LSD,Yes,,,Acute paranoia disorder,No,Held first victim down and told him what he was going to doand third victim a board was placed over his eyes and hisclothes were taken off for humiliation,Yes for second victim,Yes,Board over 3rd victims eyes,No,No,No,No,No,No,No,No,no,,yes,,,,,
Burke_William__2008_spring_,Male,White,15,1792,Second (Youngest),Average,No,No,,No,,No,No,No,Yes,,,No,No,No,No,Yes,No,No,No,No,No,No,No,No,Only in one murder – Jamie Wilson,Yes,No,No,No,No,No,No,
Hall_Roy_Archibald__2008_spring_,Male,White,5,June 17,First born,yes,Became seriously ill around 1950,no,,no,,no,no,Claims to have stolen a doctor’s medical bag but disposedof it with no usage. Barbiturate suicide attempt in prison.,No,,,Psychopathic,No,Suffocation,No,Suffocated,No,no,No,No,No,No,No,No,No,Yes,No,No,No,No,Yes,No,No
Stano_Gerald,Male,White,41 (by confession),09/12/51,3rd of 4 (of original family,Not really,Nothing apparent,No,,Neglect from birth mother including not changinghis diaper,,No,Yes,Yes,Yes,Examined after being fostered as an infant,No,,No,Yes,Yes,No,No,No,No,No,No,No,Yes,No,No,Yes,Sometimes,Sometimes,No,sometimes,sometimes,,
Leonard_Fraser,Male,White,4,June 27,4th out of 5,Average,0,0,,,,0,,1,1,,,Psychopath,1,0,1,0,,,,,,,,,,,,,,,,,
Yates_Robert_Lee,Male,White,Suspected over 18 – Charged with 15,May 27,,Yes,,,,Unusual Relationship with Dominating Mother,,No,No,Yes with prostitutes later in life,No,,,,Yes,No,No,Yes,No but placed bags over head after death,No,Yes,No,No,No,No,No,Yes but never recovered,Yes,Yes,No,No,Yes,Yes,No,Yes
Bittaker_Lawrence__fall_2007_,Male,White,5 (Confirmed),09/27/1940,Only,No,No,No,,No,,No,No,Yes,Yes,,,,Yes,Yes,Yes,No,No,Yes,No,No,No,No,No,No,No. Did audio record the rape/killing and take pictures,No,No,No,No,Yes,No,No,No
Corona_Juan_-_fall_20051,Male,Hispanic,25,1934,,,No,,,,,,,,Yes,,,Schizophrenic,Sexually molested male victims,,,,Some victim’s faces were covered by their shirts.,,,,,,Their shirts were pulled up over their face and arms and pantswere either pulled down or they were pant less.,,,,,,,,Buried on neighboring farms near workplace/homeplace,Cut,
Harvey_Donald_-_fall_2005,,,Harvey confessed to 87; however,April 15,1st of 3,Yes – was always obsessed with his looks.  He even went tothe lengths of wearing dress clothes as a child to elementaryschool.,No,No,,Father called him feminine names.,,Set a fire in a bathroom of an empty apartment in the buildingwhere he lived because he was depressed.,Unknown,No – however did attempt suicide with over the counter drugsmultiple times.  Used Deseryl,No,,,Psychopathic-type personality disorder,No,No,No,Usually – sometimes it would take a few days for the victimto die,No,No,No,No,No,Yes,No,No – however,Yes – for example: cookies,No,Yes,No,No,No,No,,No
Reldan_Robert__2012_, Monmouth,White,8 suspected,June 2,1st of 2,Yes,No,No,,,,No,No,,,Many times,Yes,Revealed narcissistic personality disorder and a strongrepressed hostility towards women. Had compulsivesexual behavior and was frequently manipulative.,Yes,,,No – strangulation,No – but in at least one case tried to keep his victim fromseeing his face by covering her face with her shirt.,Some were,No,No,No,No,No,No,No,Yes,No,No,No,No,No,No,
Olson_Clifford_Robert__fall_2006_,Male,White,11,January 1,1st of 4,No,No,No,,No,,No,No,Yes,Yes,,,?,Yes,No,Yes,No,No,No,?,Yes,No,No,No,No,Yes,No,No,Yes,Yes,No,Yes,,
Anderson_Dale_-_2005,,,2 Known,November 24,Only Child,No,No,No,,No,,No,No,No,No,,,Psychotic personality,No,Yes,No,No,No,Yes,No,Yes,No,No,No,No,Yes,No,No,No,No,Moved to overgrown creeks and land,No,No,No
LaBarre_Sheila,Female,White,2 identified,July 4,Youngest of 6,According to others,No,No,,Yes,,Yes,Unknown,Yes- pillars,Occasionally,Unknown,Yes- 30 days in a psychiatric ward after an apparent suicideattempt,According to Sheila’s sister,No but did have sex with them,No,No,No,No,Possibly,No,Yes,No,No,No,Unknown,Unknown,No,No,No,No,No,No,Yes,No
Randy_Kraft,Male,White,16,March 19,4th child (only son),1,0,0,,No records,,0,0,Yes.  Valium to ward of stomach pains andmigraines. Used speed to lose weight,Alcohol,,,Medical  diagnosis - Hypoglycemia,0,1,0,0,Sometimes,Sometimes,0,0,0,0,0,0,1,0,0,0,0,Yes pushed bodies out of car and dumped onhighway,0,0,0
Luther_Thomas_Edward,Male,White,1 murder,June 23,1st of 5,Yes,No,No,,Yes mom told him he would never amount to anything,,no,no,Yes,Yes drinking since childhood,No,No,Suffers from mixed personality disorders,Yes,No,Yes,No,No,No,No,No,No,No,No,No,No,No,Before series,No,No,No,Sometimes- cher yes,No,No
Michael_Lockart,Male,White,3 murders,September 30,9th of 10,1,0,0,,0,,0,0,1,1,1,St. Charles Hospital,Depression,1,1,1,0,0,1,0,1,0,0,1,0,1,1,1,0,0,0,0,0,
Hopewell_Raymont__fall_2006_,Male,Black,5,June 11,,No,,,,,,,,Yes,,,,,Yes,No,No,No,No,,No,No,No,No,No,No,No,No,Yes,No,No,No,No,No,No
Charles_Hatcher,Male,White,Confessed to 16,July 16,4th of 4,0,0,0,,Broken home,,0,0,1,1,,,Hatcher was first diagnosed with schizophrenia,1,0,1,1,0,0,0,0,0,0,1,0,0,0,Left body at the scene of the crime,0,0,0,0,0,
Robert_Silveria,Male,White,47,March 3,2nd of 4,“ruggedly handsome”,0,0,,0,,0,0,Yes; heroin,1,,,No psychological diagnosis given-(Greed),0,0,1,1,0,0,0,0,0,0,0,0,1,1,1,0,0,1,0,0,0
Silveria_Robert_Joseph_-_2005,Male,White,47,March 3,2nd of 4,“ruggedly handsome”,No,No,,No,,No,No,Yes; heroin,Yes,,,No psychological diagnosis given-(Greed),No,No,Yes,Yes,No,No,No,No,No,No,No,No,Yes,Yes,Yes,No,No,Yes,No,No,No
Stephen_Wright,Male,White,Five,April 24,2,Average,0,0,,1,,0,0,0,Became heavy drinker,0,0,,0,0,0,Not sure,Not sure,0,0,0,0,0,2 of the bodies were found in the cruciform position,0,All women were found naked,0,All 5 victims were found at the scene but not sure if theywere killed there or moved there afterwards,Not hidden,Not buried,One body was found a ways off the road but there was nosign of dragging,0,,
Betty_Beets,Female,White,2,03/27/1937,2,1,Hearing loss,Physical disability that contributes to speech disorder,,1,,0,0,0,1,,,Battered Women’s Syndrome,0,0,No (didn’t shoot more than three times),1,0,0,0,,0,0,0,0,0,0,0,0,1,0,0,0,0
Gary_Evans,Male,White,5 in 13 years and there is possibly more,October 7,2nd of 2,1,0,0,,1,,YesHe set fire to Jennifer House Commons,Unknown,NoHe hated people who did except for Lisa.  He believed drugdealers are no better than rapists or child molesters.,NoHe hated people who did except for Lisa.,,,Anti-Social Personality Disorder,0,0,1,1,0,1,0,1,0,0,0,0,0,1,1,0,1,0,1,,
Watts_Coral_Eugen__2008_spring_,Male,African American,At least 27,11/7/1953,1st of 2,Not especially,Knee injury in college,No,,Tormented by dreams,,No,No,No,No,,,Depression and antisocial behavior,Not usually,Not usually,Yes,Sometimes,No,Not unless he hung them.,Not usually,No,No,No,No,No,No,Not usually,Sort of                           ?,Some,2,No,A couple,No,
Black_Robert_-_spring_2006,Male,White,Convicted of killing 3 girls; highly suspected of being involvedin disappearances of at least 8 to 11 other girls.,April 21,1st of 5 (Biological),No,No,No,,None reported,,No,Yes,No,Drank,,,,Yes.,Yes; Sarah Harper was the only of the three victims to haveenough lack of decomposition at the time she was discovered tofind any forensic evidence—her vagina and anus had beenviolently explored pre-mortem.,Yes. Black violently explored Sarah Harper’s vagina and anus.,No. Black drove the victims to a location that was up to 300miles from where he took them,No.,Yes. When arrested,No.,No.,No.,No.,No.,No.,No.,No.,No.,No.,No.,Yes. Sarah Harper was found in a river; Caroline Hogg andSusan Maxwell were found in ditches or lay-bys. All of thevictims were found within 26 miles of each other and all ofthem were 300 miles away from where they had been taken.There was no real attempt to hide the bodies.,No.,No.,No.
Bernardo_Paul,Male,White,2 with an unintentional 3rd,August 27,3rd of 3,Yes,No,No,,Yes,,Yes,,No,No,,,,Yes,Yes,No,No,Yes,Yes,No,Yes,No,No,No,No,No,No,No,No,No,No,No,Yes,No
David_Gore,Male,White,6 were killed,August 21,First of 2,0,0,0,,0,,0,0,Yes.,Yes.,0,0,,1,1,0,,,Yes. With ropes and handcuffs.,0,1,1,0,0,0,0,0,No.,0,0,0,Yes. At the orchard grove.,Yes. In a swamp for the gators and put them in oildrums,No.
Robert_Pickton,,,Convicted of 6,,,0,Never showered,,,Neglected,,0,0,Crack cocaine,,,,,1,1,1,,0,Yes with wire and handcuffs,0,1,0,0,0,No because he grounded them up,0,,,,,,,Fed to pigs and used flesh for soil,
William_Lindsey,Male,White,7,3/18/1935,Only child of natural parents.  Youngest of 4 in adoptivefamily,0,0,0,,1,,Set fire to a hut that local boys had built,0,Abused Heroin in the ‘60s and store the pain pills fromhis second wife while she was battling cancer,Yes; abuse started after heavy drinking began once hejoined the National Guard,,,Sociopath,1,Usually post-mortem,0,1,Sometimes,Sometimes,,Usually post-mortem,0,0,1,0,0,0,Sometimes posed. He wanted them to be seen,1,Most of the bodies were either left in water or left to beseen by all,1,1,,0
Cummings_Jesse_James__2008_spring_,Male,White,2,11-19-1955,6th out of 7,No,Borderline mentally retarded,,,Yes,,No,No,Dependent on Percodan & other painkillers after surgery,No,,,No,Yes,Cummings was known to abuse andcontrol all of his family members.  Hecontrolled his step-sister,No,Yes,No,Bound Melissa,No,No,No,No,No,No,Yes,No,Niece,No,No.,Step-sister,No,No,No
Lavinia_Fisher,,,2 suspected,1793/1791,John- 4th of 4,John- Tall,Lavinia - Knocked Knees,,,,,0,0,0,0,0,0,,,,,,,,,,,,,,,,,N/a,1,,0,0,
Roy_Hall,Male,White,5,June 17,First born,1,Became seriously ill around 1950,0,,0,,0,0,Claims to have stolen a doctor’s medical bag but disposedof it with no usage. Barbiturate suicide attempt in prison.,0,,,Psychopathic,0,Suffocation,0,Suffocated,0,0,0,0,0,0,0,0,0,1,0,0,0,0,1,0,0
Wayne_Williams,Male,African American,23 suspected,05/27/1958,1,0,0,0,,0,,0,0,0,0,0,0,,No signs,Beaten,0,1,0,Some with rope,0,0,0,0,0,0,Took clothes,0,0,1,0,0,0,0,
Nelson_Earle_Leonard,Male,White,22 women & an 8 month old infant,May 12,1st,No,Unusually large hands,No,,Possibly his grandmother was a very strict Pentecostal andreligion played a big part of his life. This could have lead tohate of women because he viewed women as a power figure.,,No,No,No,Yes,Yes,Yes,Mentally insane,Yes,No,Yes,Yes,No,No,Yes,Yes,No,No,No,No,Yes,Yes,Yes,Yes would sometimes hide bodies under beds or in attics,No,Sometimes would just leave the victim in the spot where hekilled them,No,Yes would on occasion use razor blades to slice up his victims,
Stano_Eugene_Paul_-_2005,Male,White,Confessed to 41,September 12,5th of 6,Short and pudgy,No,No,,Serious neglect as a baby,,No,Yes,Yes,Yes,,,Unknown,Yes,No,Yes,No,No,No,No,No,No,No,Yes,No,No,No,No,Covered with branches,No,Covered with branches,No,No,No
Cottingham_Richard__spring_2007_,Male,White,6,November 25,1st of 3,He was a handsome boy and an average looking adult,No,No,,No,,No,No,No,No,,,No,Yes,Yes,Yes,No,No,Yes,No,Yes,No,No,No,No,Yes,No,Yes; attempted to set fire to two of victims,No,No,No,No,,
David_Williams,Male,White,2 convicted,3/07/1963,1st of 2,1,0,0,,Possibly neglected by mother,,Not specified (probably not),Not specified (probably not),0,0,Only for Air Force yearly reviews,0,Had obsessive-compulsive disorder (OCD),1,1,0,1,1,1,0,0,0,0,0,0,Yes- lingerie taken from victims,No (except lingerie),One was hidden,0,0,0,0,0,
Jon_Christie,,,,,,,,,,,,,,,,,,,,,,,,,,,,,,,,,,,,,,,
Shipman_Harold_-_fall_2005,Male,White,Between 200 and 357?,January 14,2nd of 3,Not really unattractive,No,No,,His mother was overprotective and didn’t allow him tosocialize,,No,No,Yes,No,,,No credible diagnosis,No,No,No,Yes,No,No,No,No,No,No,No,No,Uncertain,No,Yes,No,No,No,No,No,No
Anna_Hahn,Female,White,Estimated 5 victims,July 7,12 of 12,Short blonde hair,0,0,,?,,?,?,1,0,,,,0,0,0,0,0,0,0,0,0,0,0,0,0,1,1,0,0,0,0,0,
Herman_Mudgett,Male,White,100+ suspected,05/16/1861,3rd,1,0,0,,0,,1,0,0,0,0,0,0,0,1,0,1,1,1,0,1,0,0,0,0,0,0,0,0,0,1,1,0,
Lawrence_Bittaker,Male,White,5 (Confirmed),09/27/1940,Only,0,0,0,,0,,0,0,1,1,,,,1,1,1,0,0,1,0,0,0,0,0,0,No. Did audio record the rape/killing and take pictures,0,0,0,0,1,0,0,0
Manuel_Peter,,,9,March 15,2nd of 3,Yes,No,No,,No,,No,No,No,No,No,No,Memory loss,6th victim yes,He liked to hear them beg.  It got him aroused,No,Yes,No,3rd victim yes,No,No,No,No,No,No,7th,Last murder with his 7th,1st  ( Anne Kneilands): left at scene2nd,,6th  (Isabelle Cook): left at the scene but buried her,No,No,No,No
Aileen_Wuornos,Female,White,7,February 29,2nd child of 2,Had burns on face & arms,,,,,,1,0,0,1,,,,0,0,1,1,0,1,0,0,0,0,0,0,1,1,1,0,0,0,0,0,0
Gore_David_Alan,Male,White,6 were killed,August 21,First of 2,No,No,No,,No,,No,No,Yes.,Yes.,No,No,,Yes,Yes,No,,,Yes. With ropes and handcuffs.,No,Yes,Yes,No,No,No,No,No,No.,No,No,No,Yes. At the orchard grove.,Yes. In a swamp for the gators and put them in oildrums,No.
Franklin_Joseph_Paul,Male,White,7-20+,April 13,2nd of 4,No,Yes,No,,Yes,,No,No,No,No,No,None,,No,No,No,Yes,No,No,No,No,No,No,No,No,No,No,Yes,No,No,No,No,No,
Marybeth_Tinning,Female,White,9 suspected,09/11/1942,Firstborn,Yes (at least not unattractive); average,0,0,,Aunt told her she was unplanned and unwanted,,0,0,Took tranquilizers after first three children died,0,0,0,-,0,0,0,1,0,0,0,0,0,0,0,0,0,0,0,0,0,Children were taken to hospital or ER,0,,
Rode_Adolph_James,Male,White,5,December 4,3 of 3,yes,no,no,,no,,no information,no information,yes,yes,,,no information,yes,arguable,yes in some,yes in some,no,no,no,no,no,no,no,no,no,yes in some,yes,no,no,no,no,no,no
Adolph_Rode,Male,White,5,December 4,3 of 3,1,0,0,,0,,no information,no information,1,1,,,no information,1,arguable,yes in some,yes in some,0,0,0,0,0,0,0,0,0,yes in some,1,0,0,0,0,0,0
Jame_Wood,Male,White,Not certain- Convicted of 1 killing and suspected of multipleothers,December 9,Only child of mother (Hazel Godwin),A 160-180lb Caucasian male with short brown hair---fit in andwas not noticeable physically by others around him.,1990 – Severely injured 3 fingers on his left hand while using apower saw – had surgery,0,,James claimed he was psychologically abused by his step-father.,,1,0,,1,,,Impulsive,1,1,Jeralee- Killed and dismembered body,1,0,0,1,1,0,0,0,0,0,1,0,Yes/ Threw body into lake,0,0,Last killing,Last killing,0
Suff_William_-_2005,Male,White,19,August 20,1st of 3,No (Puffy,,,,,,No,No,Prostitutes had drugs in system upon death,No,,,No,No,Stabbed face,No,No,No,No,No,Genital and anus area,No,No,Yes,Yes,Yes,Yes,Left along the road in a ravine,Some hidden,No,Sometimes,No,Yes,No
Fry_Robert__2008_spring_,Male,White,Suspected of 7,August 18,Last of 4,No,No,No,,Scared by kids at 3 yrs old,,No,No,Yes,Yes,,,No,Attempted on one of his murder victims-raped a girl at ayounger age,No,Yes,No,No,No,No,Yes,No,No,No,No,No,Robbed location,2 victims at the Eclectic Store,Yes other 2 victims,No,One victim drug to the bushes,No,No,No
Krajcir_Timothy,Male,White,9 murders,11/28/1944,1st of 3,Yes,No,No,,Yes,,No,No,No,No,Yes,Yes,Sexual deviancy,Yes,No,No,Yes,Yes,Yes,No,Once (cut off a nipple,No,No,No,No,No,Yes,Yes,No,No,Yes,No,No,
